sid,province,subject,batch,major,maxs,mins,averages,maxps,minps,averageps,aline,cline,coline,difoaac,difomac,ctest,academy,remark
101,北京,理科,本一,-1,623,-1,-1,-1,-1,-1,559,543,-1,16,-1,-1,-1,-1
102,北京,文科,本一,-1,599,-1,-1,-1,-1,-1,571,565,-1,6,-1,-1,-1,-1
103,天津,理科,本一,-1,584,-1,-1,-1,-1,-1,555,516,-1,39,-1,-1,-1,-1
104,天津,文科,本一,-1,586,-1,-1,-1,-1,-1,572,523,-1,49,-1,-1,-1,-1
105,河北,理科,本一,-1,628,-1,-1,-1,-1,-1,609,573,-1,36,-1,-1,-1,-1
106,河北,理科,国家专项,-1,609,-1,-1,-1,-1,-1,588,573,-1,15,-1,-1,-1,-1
107,河北,文科,本一,-1,612,-1,-1,-1,-1,-1,592,563,-1,29,-1,-1,-1,-1
108,山西,理科,本一,-1,585,-1,-1,-1,-1,-1,571,534,-1,37,-1,-1,-1,-1
109,山西,理科,国家专项,-1,555,-1,-1,-1,-1,-1,535,534,-1,1,-1,-1,-1,-1
110,山西,文科,本一,-1,566,-1,-1,-1,-1,-1,552,526,-1,26,-1,-1,-1,-1
111,内蒙古,理科,本一,-1,594,-1,-1,-1,-1,-1,561,501,-1,60,-1,-1,-1,-1
112,内蒙古,理科,国家专项,-1,555,-1,-1,-1,-1,-1,507,501,-1,6,-1,-1,-1,-1
113,内蒙古,文科,本一,-1,585,-1,-1,-1,-1,-1,559,525,-1,34,-1,-1,-1,-1
114,辽宁,理科,本一,-1,599,-1,-1,-1,-1,-1,577,526,-1,51,-1,-1,-1,-1
115,辽宁,文科,本一,-1,613,-1,-1,-1,-1,-1,596,552,-1,44,-1,-1,-1,-1
116,吉林,理科,本一,-1,616,-1,-1,-1,-1,-1,570,555,-1,15,-1,-1,-1,-1
117,黑龙江,理科,本一,-1,608,-1,-1,-1,-1,-1,587,529,-1,58,-1,-1,-1,-1
118,黑龙江,理科,国家专项,-1,566,-1,-1,-1,-1,-1,529,529,-1,0,-1,-1,-1,-1
119,上海,理科,本一,-1,436,-1,-1,-1,-1,-1,431,423,-1,8,-1,-1,-1,-1
120,上海,文科,本一,-1,458,-1,-1,-1,-1,-1,450,444,-1,6,-1,-1,-1,-1
121,江苏,理科,本一,-1,383,-1,-1,-1,-1,-1,359,345,-1,14,-1,-1,-1,-1
122,江苏,文科,本一,-1,370,-1,-1,-1,-1,-1,347,333,-1,14,-1,-1,-1,-1
123,浙江,理科,本一,-1,673,-1,-1,-1,-1,-1,651,597,-1,54,-1,-1,-1,-1
124,浙江,文科,本一,-1,676,-1,-1,-1,-1,-1,667,621,-1,46,-1,-1,-1,-1
125,安徽,理科,本一,-1,577,-1,-1,-1,-1,-1,549,489,-1,60,-1,-1,-1,-1
126,安徽,理科,国家专项,-1,576,-1,-1,-1,-1,-1,525,489,-1,36,-1,-1,-1,-1
127,安徽,文科,本一,-1,600,-1,-1,-1,-1,-1,591,541,-1,50,-1,-1,-1,-1
128,安徽,中英联合办学理科,本一,-1,534,-1,-1,-1,-1,-1,506,489,-1,17,-1,-1,-1,-1
129,福建,理科,本一,-1,605,-1,-1,-1,-1,-1,590,506,-1,84,-1,-1,-1,-1
130,福建,文科,本一,-1,622,-1,-1,-1,-1,-1,612,561,-1,51,-1,-1,-1,-1
131,江西,理科,本一,-1,581,-1,-1,-1,-1,-1,551,526,-1,25,-1,-1,-1,-1
132,江西,文科,本一,-1,570,-1,-1,-1,-1,-1,548,524,-1,24,-1,-1,-1,-1
133,江西,理科,国家专项,-1,571,-1,-1,-1,-1,-1,547,526,-1,21,-1,-1,-1,-1
134,山东,理科,本一,-1,650,-1,-1,-1,-1,-1,632,572,-1,60,-1,-1,-1,-1
135,山东,文科,本一,-1,639,-1,-1,-1,-1,-1,626,579,-1,47,-1,-1,-1,-1
136,河南,理科,本一,-1,604,-1,-1,-1,-1,-1,587,547,-1,40,-1,-1,-1,-1
137,河南,文科,本一,-1,578,-1,-1,-1,-1,-1,567,536,-1,31,-1,-1,-1,-1
138,河南,理科,国家专项,-1,588,-1,-1,-1,-1,-1,568,547,-1,21,-1,-1,-1,-1
139,湖北,理科,本一,-1,576,-1,-1,-1,-1,-1,568,533,-1,35,-1,-1,-1,-1
140,湖北,理科,国家专项,-1,556,-1,-1,-1,-1,-1,530,533,-1,-3,-1,-1,-1,-1
141,湖南,理科,本一,-1,586,-1,-1,-1,-1,-1,569,522,-1,47,-1,-1,-1,-1
142,湖南,文科,本一,-1,614,-1,-1,-1,-1,-1,607,562,-1,45,-1,-1,-1,-1
143,湖南,理科,国家专项,-1,560,-1,-1,-1,-1,-1,540,522,-1,18,-1,-1,-1,-1
144,广东,理科,本一,-1,593,-1,-1,-1,-1,-1,572,560,-1,12,-1,-1,-1,-1
145,广西,理科,本一,-1,555,-1,-1,-1,-1,-1,528,520,-1,8,-1,-1,-1,-1
146,广西,理科,国家专项,-1,535,-1,-1,-1,-1,-1,511,520,-1,-9,-1,-1,-1,-1
147,海南,理科,本一,-1,721,-1,-1,-1,-1,-1,711,606,-1,105,-1,-1,-1,-1
148,海南,理科,国家专项,-1,682,-1,-1,-1,-1,-1,675,606,-1,69,-1,-1,-1,-1
149,重庆,理科,国家专项,-1,549,-1,-1,-1,-1,-1,517,514,-1,3,-1,-1,-1,-1
150,重庆,理科,本一,-1,584,-1,-1,-1,-1,-1,526,514,-1,12,-1,-1,-1,-1
151,四川,理科,本一,-1,578,-1,-1,-1,-1,-1,558,540,-1,18,-1,-1,-1,-1
152,四川,理科,国家专项,-1,551,-1,-1,-1,-1,-1,522,540,-1,-18,-1,-1,-1,-1
153,四川,文科,本一,-1,582,-1,-1,-1,-1,-1,572,551,-1,21,-1,-1,-1,-1
154,贵州,理科,本一,-1,599,-1,-1,-1,-1,-1,540,484,-1,56,-1,-1,-1,-1
155,贵州,理科,国家专项,-1,535,-1,-1,-1,-1,-1,520,484,-1,36,-1,-1,-1,-1
156,贵州,文科,本一,-1,614,-1,-1,-1,-1,-1,590,569,-1,21,-1,-1,-1,-1
157,云南,理科,本一,-1,550,-1,-1,-1,-1,-1,534,525,-1,9,-1,-1,-1,-1
158,陕西,理科,本一,-1,598,-1,-1,-1,-1,-1,559,503,-1,56,-1,-1,-1,-1
159,陕西,理科,国家专项,-1,565,-1,-1,-1,-1,-1,505,503,-1,2,-1,-1,-1,-1
160,甘肃,理科,本一,-1,606,-1,-1,-1,-1,-1,542,516,-1,26,-1,-1,-1,-1
161,甘肃,理科,国家专项,-1,536,-1,-1,-1,-1,-1,517,516,-1,1,-1,-1,-1,-1
162,甘肃,文科,本一,-1,591,-1,-1,-1,-1,-1,547,543,-1,4,-1,-1,-1,-1
163,青海,理科,国家专项,-1,499,-1,-1,-1,-1,-1,403,406,-1,-3,-1,-1,-1,-1
164,青海,文科,本一,-1,513,-1,-1,-1,-1,-1,475,473,-1,2,-1,-1,-1,-1
165,宁夏,理科,本一,-1,541,-1,-1,-1,-1,-1,503,473,-1,30,-1,-1,-1,-1
166,宁夏,理科,国家专项,-1,485,-1,-1,-1,-1,-1,472,470,-1,2,-1,-1,-1,-1
167,新疆,文科,本一,-1,583,-1,-1,-1,-1,-1,568,516,-1,52,-1,-1,-1,-1
168,新疆,理科,本一,-1,558,-1,-1,-1,-1,-1,522,475,-1,47,-1,-1,-1,-1
169,新疆,民语言理科,本一,-1,408,-1,-1,-1,-1,-1,383,359,-1,24,-1,-1,-1,-1
170,新疆,民语言文科,本一,-1,490,-1,-1,-1,-1,-1,468,456,-1,12,-1,-1,-1,-1
171,吉林,体育,-1,体育教育,-1,-1,-1,89.82,80.12,84.97,-1,-1,320,-1,-1,-1,-1,-1
172,河南,体育,-1,体育教育,-1,-1,-1,129,105,119.75,-1,-1,340,-1,-1,-1,-1,-1
173,河南,体育,-1,社会体育指导与管理,-1,-1,-1,122,95,105.83,-1,-1,340,-1,-1,-1,-1,-1
174,安徽,体育,-1,体育教育,-1,-1,-1,95.28,93.56,94.39,-1,-1,165,-1,-1,-1,-1,-1
175,安徽,体育,-1,社会体育指导与管理,-1,-1,-1,95.34,91.19,92.61,-1,-1,165,-1,-1,-1,-1,-1
176,辽宁,体育,-1,体育教育,-1,-1,-1,98.6,89.8,93.85,-1,-1,151.4,-1,-1,-1,-1,-1
177,山东,体育,-1,体育教育,-1,-1,-1,94.35,85.73,88.78,-1,-1,503,-1,-1,-1,-1,-1
178,山东,体育,-1,社会体育指导与管理,-1,-1,-1,85.6,76.23,81.08,-1,-1,503,-1,-1,-1,-1,-1
179,浙江,体育,-1,体育教育,-1,-1,-1,92,91,91.67,-1,-1,587.997,-1,-1,-1,-1,-1
180,浙江,体育,-1,社会体育指导与管理,-1,-1,-1,91,87,88.75,-1,-1,587.997,-1,-1,-1,-1,-1
181,北京,艺术,-1,舞蹈学,-1,-1,-1,-1,236,-1,-1,-1,-1,-1,-1,-1,-1,-1
182,河北,艺术,-1,舞蹈学,-1,-1,-1,-1,238,-1,-1,-1,-1,-1,-1,-1,-1,-1
183,河北,艺术,-1,摄影,-1,590,-1,-1,-1,-1,-1,-1,-1,-1,-1,-1,-1,-1
184,山西,艺术,-1,音乐学（师范）,-1,-1,-1,-1,239,-1,-1,-1,-1,-1,-1,-1,-1,-1
185,山西,艺术,-1,音乐表演,-1,-1,-1,-1,241,-1,-1,-1,-1,-1,-1,-1,-1,-1
186,山西,艺术,-1,音乐学（钢琴制作与调律）,-1,-1,-1,-1,253,-1,-1,-1,-1,-1,-1,-1,-1,-1
187,山西,艺术,-1,舞蹈学,-1,-1,-1,-1,223,-1,-1,-1,-1,-1,-1,-1,-1,-1
188,山西,艺术,-1,绘画（师范）,-1,683,-1,-1,-1,-1,-1,-1,-1,-1,-1,-1,-1,-1
189,山西,艺术,-1,设计学类,-1,712,-1,-1,-1,-1,-1,-1,-1,-1,-1,-1,-1,-1
190,山西,艺术,-1,美术学（书法学）（师范）,-1,720,-1,-1,-1,-1,-1,-1,-1,-1,-1,-1,-1,-1
191,山西,艺术,-1,产品设计,-1,789,-1,-1,-1,-1,-1,-1,-1,-1,-1,-1,-1,-1
192,内蒙古,艺术,-1,绘画（师范）,-1,679,-1,-1,-1,-1,-1,-1,-1,-1,-1,-1,-1,-1
193,内蒙古,艺术,-1,设计学类,-1,716,-1,-1,-1,-1,-1,-1,-1,-1,-1,-1,-1,-1
194,内蒙古,艺术,-1,动画,-1,664,-1,-1,-1,-1,-1,-1,-1,-1,-1,-1,-1,-1
195,内蒙古,艺术,-1,产品设计,-1,723,-1,-1,-1,-1,-1,-1,-1,-1,-1,-1,-1,-1
196,辽宁,艺术,-1,音乐学（师范）,-1,-1,-1,-1,266,-1,-1,-1,-1,-1,-1,-1,-1,-1
197,辽宁,艺术,-1,音乐表演,-1,-1,-1,-1,261,-1,-1,-1,-1,-1,-1,-1,-1,-1
198,辽宁,艺术,-1,舞蹈学,-1,-1,-1,-1,230,-1,-1,-1,-1,-1,-1,-1,-1,-1
199,辽宁,艺术,-1,绘画（师范）,-1,696,-1,-1,-1,-1,-1,-1,-1,-1,-1,-1,-1,-1
200,辽宁,艺术,-1,设计学类,-1,673,-1,-1,-1,-1,-1,-1,-1,-1,-1,-1,-1,-1
201,辽宁,艺术,-1,动画,-1,679,-1,-1,-1,-1,-1,-1,-1,-1,-1,-1,-1,-1
202,吉林,艺术,-1,动画,-1,734,-1,-1,-1,-1,-1,-1,-1,-1,-1,-1,-1,-1
203,黑龙江,艺术文,-1,音乐学（师范）,-1,-1,-1,-1,250,-1,-1,-1,-1,-1,-1,-1,-1,-1
204,黑龙江,艺术文,-1,音乐表演,-1,-1,-1,-1,258,-1,-1,-1,-1,-1,-1,-1,-1,-1
205,黑龙江,艺术文,-1,绘画（师范）,-1,586,-1,-1,-1,-1,-1,-1,-1,-1,-1,-1,-1,-1
206,黑龙江,艺术文,-1,设计学类,-1,622,-1,-1,-1,-1,-1,-1,-1,-1,-1,-1,-1,-1
207,黑龙江,艺术文,-1,产品设计,-1,682,-1,-1,-1,-1,-1,-1,-1,-1,-1,-1,-1,-1
208,黑龙江,艺术理,-1,音乐学（师范）,-1,-1,-1,-1,272,-1,-1,-1,-1,-1,-1,-1,-1,-1
209,浙江,艺术文,-1,音乐学（师范）,-1,-1,-1,-1,248,-1,-1,-1,-1,-1,-1,-1,-1,-1
210,浙江,艺术文,-1,音乐表演,-1,-1,-1,-1,242,-1,-1,-1,-1,-1,-1,-1,-1,-1
211,浙江,艺术文,-1,舞蹈学,-1,-1,-1,-1,229,-1,-1,-1,-1,-1,-1,-1,-1,-1
212,浙江,艺术文,-1,绘画（师范）,-1,737,-1,-1,-1,-1,-1,-1,-1,-1,-1,-1,-1,-1
213,浙江,艺术文,-1,设计学类,-1,734,-1,-1,-1,-1,-1,-1,-1,-1,-1,-1,-1,-1
214,浙江,艺术文,-1,摄影,-1,787,-1,-1,-1,-1,-1,-1,-1,-1,-1,-1,-1,-1
215,浙江,艺术理,-1,音乐学（师范）,-1,-1,-1,-1,262,-1,-1,-1,-1,-1,-1,-1,-1,-1
216,浙江,艺术理,-1,动画,-1,621,-1,-1,-1,-1,-1,-1,-1,-1,-1,-1,-1,-1
217,安徽,艺术,-1,播音与主持艺术,-1,690,-1,-1,-1,-1,-1,-1,-1,-1,-1,-1,-1,-1
218,安徽,艺术,-1,舞蹈学,-1,-1,-1,-1,205,-1,-1,-1,-1,-1,-1,-1,-1,-1
219,安徽,艺术,-1,绘画（师范）,-1,681,-1,-1,-1,-1,-1,-1,-1,-1,-1,-1,-1,-1
220,安徽,艺术,-1,设计学类,-1,694,-1,-1,-1,-1,-1,-1,-1,-1,-1,-1,-1,-1
221,安徽,艺术,-1,动画,-1,680,-1,-1,-1,-1,-1,-1,-1,-1,-1,-1,-1,-1
222,安徽,艺术,-1,美术学（书法学）（师范）,-1,696,-1,-1,-1,-1,-1,-1,-1,-1,-1,-1,-1,-1
223,安徽,艺术,-1,产品设计,-1,700,-1,-1,-1,-1,-1,-1,-1,-1,-1,-1,-1,-1
224,安徽,艺术,-1,摄影,-1,816,-1,-1,-1,-1,-1,-1,-1,-1,-1,-1,-1,-1
225,安徽,艺术,-1,广播电视编导,-1,706,-1,-1,-1,-1,-1,-1,-1,-1,-1,-1,-1,-1
226,福建,艺术文,-1,绘画（师范）,-1,705,-1,-1,-1,-1,-1,-1,-1,-1,-1,-1,-1,-1
227,福建,艺术文,-1,设计学类,-1,671,-1,-1,-1,-1,-1,-1,-1,-1,-1,-1,-1,-1
228,福建,艺术文,-1,动画,-1,669,-1,-1,-1,-1,-1,-1,-1,-1,-1,-1,-1,-1
229,福建,艺术理,-1,产品设计,-1,708,-1,-1,-1,-1,-1,-1,-1,-1,-1,-1,-1,-1
230,江西,艺术,-1,舞蹈学,-1,-1,-1,-1,242,-1,-1,-1,-1,-1,-1,-1,-1,-1
231,江西,艺术,-1,绘画（师范）,-1,633,-1,-1,-1,-1,-1,-1,-1,-1,-1,-1,-1,-1
232,江西,艺术,-1,设计学类,-1,643,-1,-1,-1,-1,-1,-1,-1,-1,-1,-1,-1,-1
233,山东,艺术文,-1,播音与主持艺术,-1,729,-1,-1,-1,-1,-1,-1,-1,-1,-1,-1,-1,-1
234,山东,艺术文,-1,绘画（师范）,-1,703,-1,-1,-1,-1,-1,-1,-1,-1,-1,-1,-1,-1
235,山东,艺术文,-1,设计学类,-1,679,-1,-1,-1,-1,-1,-1,-1,-1,-1,-1,-1,-1
236,山东,艺术文,-1,美术学（书法学）（师范）,-1,687,-1,-1,-1,-1,-1,-1,-1,-1,-1,-1,-1,-1
237,山东,艺术文,-1,服装与服饰设计,-1,631,-1,-1,-1,-1,-1,-1,-1,-1,-1,-1,-1,-1
238,山东,艺术文,-1,产品设计,-1,812,-1,-1,-1,-1,-1,-1,-1,-1,-1,-1,-1,-1
239,山东,艺术文,-1,摄影,-1,829,-1,-1,-1,-1,-1,-1,-1,-1,-1,-1,-1,-1
240,山东,艺术文,-1,广播电视编导,-1,749,-1,-1,-1,-1,-1,-1,-1,-1,-1,-1,-1,-1
241,山东,艺术理,-1,播音与主持艺术,-1,800,-1,-1,-1,-1,-1,-1,-1,-1,-1,-1,-1,-1
242,山东,艺术理,-1,动画,-1,692,-1,-1,-1,-1,-1,-1,-1,-1,-1,-1,-1,-1
243,山东,艺术理,-1,服装与服饰设计,-1,593,-1,-1,-1,-1,-1,-1,-1,-1,-1,-1,-1,-1
244,河南,艺术文,-1,绘画（师范）,-1,732,-1,-1,-1,-1,-1,-1,-1,-1,-1,-1,-1,-1
245,河南,艺术文,-1,设计学类,-1,698,-1,-1,-1,-1,-1,-1,-1,-1,-1,-1,-1,-1
246,河南,艺术文,-1,美术学（书法学）（师范）,-1,693,-1,-1,-1,-1,-1,-1,-1,-1,-1,-1,-1,-1
247,河南,艺术文,-1,摄影,-1,726,-1,-1,-1,-1,-1,-1,-1,-1,-1,-1,-1,-1
248,河南,艺术理,-1,设计学类,-1,714,-1,-1,-1,-1,-1,-1,-1,-1,-1,-1,-1,-1
249,湖北,艺术,-1,音乐学（师范）,-1,-1,-1,-1,241,-1,-1,-1,-1,-1,-1,-1,-1,-1
250,湖北,艺术,-1,音乐表演,-1,-1,-1,-1,256,-1,-1,-1,-1,-1,-1,-1,-1,-1
251,湖北,艺术,-1,音乐学（钢琴制作与调律）,-1,-1,-1,-1,245,-1,-1,-1,-1,-1,-1,-1,-1,-1
252,湖北,艺术,-1,绘画（师范）,-1,607,-1,-1,-1,-1,-1,-1,-1,-1,-1,-1,-1,-1
253,湖北,艺术,-1,设计学类,-1,604,-1,-1,-1,-1,-1,-1,-1,-1,-1,-1,-1,-1
254,湖北,艺术,-1,广播电视编导,-1,740,-1,-1,-1,-1,-1,-1,-1,-1,-1,-1,-1,-1
255,湖南,艺术文,-1,绘画（师范）,-1,766,-1,-1,-1,-1,-1,-1,-1,-1,-1,-1,-1,-1
256,湖南,艺术文,-1,设计学类,-1,722,-1,-1,-1,-1,-1,-1,-1,-1,-1,-1,-1,-1
257,湖南,艺术文,-1,动画,-1,733,-1,-1,-1,-1,-1,-1,-1,-1,-1,-1,-1,-1
258,湖南,艺术文,-1,摄影,-1,728,-1,-1,-1,-1,-1,-1,-1,-1,-1,-1,-1,-1
259,湖南,艺术理,-1,绘画（师范）,-1,764,-1,-1,-1,-1,-1,-1,-1,-1,-1,-1,-1,-1
260,湖南,艺术理,-1,产品设计,-1,775,-1,-1,-1,-1,-1,-1,-1,-1,-1,-1,-1,-1
261,湖南,艺术理,-1,摄影,-1,614,-1,-1,-1,-1,-1,-1,-1,-1,-1,-1,-1,-1
262,广东,艺术,-1,音乐学（师范）,-1,-1,-1,-1,256,-1,-1,-1,-1,-1,-1,-1,-1,-1
263,广东,艺术,-1,音乐表演,-1,-1,-1,-1,254,-1,-1,-1,-1,-1,-1,-1,-1,-1
264,广东,艺术,-1,音乐学（钢琴制作与调律）,-1,-1,-1,-1,236,-1,-1,-1,-1,-1,-1,-1,-1,-1
265,广东,艺术,-1,绘画（师范）,-1,746,-1,-1,-1,-1,-1,-1,-1,-1,-1,-1,-1,-1
266,广东,艺术,-1,设计学类,-1,800,-1,-1,-1,-1,-1,-1,-1,-1,-1,-1,-1,-1
267,广东,艺术,-1,美术学（书法学）（师范）,-1,784,-1,-1,-1,-1,-1,-1,-1,-1,-1,-1,-1,-1
268,广东,艺术,-1,产品设计,-1,782,-1,-1,-1,-1,-1,-1,-1,-1,-1,-1,-1,-1
269,广东,艺术,-1,摄影,-1,772,-1,-1,-1,-1,-1,-1,-1,-1,-1,-1,-1,-1
270,广西,艺术,-1,绘画（师范）,-1,661,-1,-1,-1,-1,-1,-1,-1,-1,-1,-1,-1,-1
271,广西,艺术,-1,设计学类,-1,604,-1,-1,-1,-1,-1,-1,-1,-1,-1,-1,-1,-1
272,广西,艺术,-1,动画,-1,679,-1,-1,-1,-1,-1,-1,-1,-1,-1,-1,-1,-1
273,广西,艺术,-1,产品设计,-1,691,-1,-1,-1,-1,-1,-1,-1,-1,-1,-1,-1,-1
274,云南,艺术,-1,绘画（师范）,-1,717,-1,-1,-1,-1,-1,-1,-1,-1,-1,-1,-1,-1
275,云南,艺术,-1,动画,-1,692,-1,-1,-1,-1,-1,-1,-1,-1,-1,-1,-1,-1
276,甘肃,艺术,-1,绘画（师范）,-1,677,-1,-1,-1,-1,-1,-1,-1,-1,-1,-1,-1,-1
277,甘肃,艺术,-1,设计学类,-1,646,-1,-1,-1,-1,-1,-1,-1,-1,-1,-1,-1,-1
278,江苏,文科,本一,文科强化班,372,362,365.71,-1,-1,-1,-1,-1,-1,-1,-1,-1,强化培养学院,-1
279,江苏,理科,本一,理科强化班,379,369,371.81,-1,-1,-1,-1,-1,-1,-1,-1,-1,强化培养学院,-1
280,江苏,理科,本一,工科强化班,373,368,369.65,-1,-1,-1,-1,-1,-1,-1,-1,-1,强化培养学院,-1
281,江苏,文科,本一,汉语言文学,362,356,357.77,-1,-1,-1,-1,-1,-1,-1,-1,-1,文学院,-1
282,江苏,文科,本一,汉语言文学（基地班）,368,359,361.6,-1,-1,-1,-1,-1,-1,-1,-1,-1,文学院,-1
283,江苏,文科,本一,秘书学,358,349,352.95,-1,-1,-1,-1,-1,-1,-1,-1,-1,文学院,-1
284,江苏,理科,本一,汉语言,367,365,366,-1,-1,-1,-1,-1,-1,-1,-1,-1,文学院,-1
285,江苏,文科,本一,汉语言,355,352,353.4,-1,-1,-1,-1,-1,-1,-1,-1,-1,文学院,-1
286,江苏,文科,本一,古典文献学,357,347,350.5,-1,-1,-1,-1,-1,-1,-1,-1,-1,文学院,-1
287,江苏,艺术,艺术公办第一小批,播音与主持艺术,571,516,537.05,-1,-1,-1,-1,-1,-1,-1,-1,-1,文学院,综合分
288,江苏,文科,本一,历史学,365,348,351.59,-1,-1,-1,-1,-1,-1,-1,-1,-1,社会发展学院,-1
289,江苏,文科,本一,文物与博物馆学,361,348,352.12,-1,-1,-1,-1,-1,-1,-1,-1,-1,社会发展学院,-1
290,江苏,文科,本一,社会学类（含社会学、社会工作）,353,348,350.52,-1,-1,-1,-1,-1,-1,-1,-1,-1,社会发展学院,-1
291,江苏,理科,本一,社会学类（含社会学、社会工作）,364,360,360.75,-1,-1,-1,-1,-1,-1,-1,-1,-1,社会发展学院,-1
292,江苏,文科,本一,法学,368,360,362.4,-1,-1,-1,-1,-1,-1,-1,-1,-1,法学院,-1
293,江苏,理科,本一,法学,379,366,368.65,-1,-1,-1,-1,-1,-1,-1,-1,-1,法学院,-1
294,江苏,文科,本一,公共管理类（含公共事业管理、行政管理）,362,348,351.74,-1,-1,-1,-1,-1,-1,-1,-1,-1,公共管理学院,-1
295,江苏,理科,本一,公共管理类（含公共事业管理、行政管理）,363,361,362.17,-1,-1,-1,-1,-1,-1,-1,-1,-1,公共管理学院,-1
296,江苏,文科,本一,经济学,360,357,358.47,-1,-1,-1,-1,-1,-1,-1,-1,-1,商学院,-1
297,江苏,理科,本一,经济学,370,366,368.07,-1,-1,-1,-1,-1,-1,-1,-1,-1,商学院,-1
298,江苏,文科,本一,国际经济与贸易,360,355,356.4,-1,-1,-1,-1,-1,-1,-1,-1,-1,商学院,-1
299,江苏,理科,本一,国际经济与贸易,370,364,365.68,-1,-1,-1,-1,-1,-1,-1,-1,-1,商学院,-1
300,江苏,文科,本一,金融学,367,360,362.35,-1,-1,-1,-1,-1,-1,-1,-1,-1,商学院,-1
301,江苏,理科,本一,金融学,373,369,370.62,-1,-1,-1,-1,-1,-1,-1,-1,-1,商学院,-1
302,江苏,文科,本一,工商管理,359,354,355.73,-1,-1,-1,-1,-1,-1,-1,-1,-1,商学院,-1
303,江苏,理科,本一,工商管理,375,364,366,-1,-1,-1,-1,-1,-1,-1,-1,-1,商学院,-1
304,江苏,文科,本一,人力资源管理,362,352,354.55,-1,-1,-1,-1,-1,-1,-1,-1,-1,商学院,-1
305,江苏,理科,本一,人力资源管理,370,362,364.06,-1,-1,-1,-1,-1,-1,-1,-1,-1,商学院,-1
306,江苏,文科,本一,管理科学,357,348,350.6,-1,-1,-1,-1,-1,-1,-1,-1,-1,商学院,-1
307,江苏,理科,本一,管理科学,364,359,360.9,-1,-1,-1,-1,-1,-1,-1,-1,-1,商学院,-1
308,江苏,文科,本一,小学教育（师范）,364,356,358,-1,-1,-1,-1,-1,-1,-1,-1,-1,教育科学学院,-1
309,江苏,文科,本一,学前教育（师范）,360,353,355.83,-1,-1,-1,-1,-1,-1,-1,-1,-1,教育科学学院,-1
310,江苏,理科,本一,教育技术学（师范）,369,362,363.93,-1,-1,-1,-1,-1,-1,-1,-1,-1,教育科学学院,-1
311,江苏,理科,本一,教育技术学,362,359,360.58,-1,-1,-1,-1,-1,-1,-1,-1,-1,教育科学学院,-1
312,江苏,文科,本一,应用心理学,365,353,357.33,-1,-1,-1,-1,-1,-1,-1,-1,-1,心理学院,-1
313,江苏,理科,本一,应用心理学,374,364,365.71,-1,-1,-1,-1,-1,-1,-1,-1,-1,心理学院,-1
314,江苏,文科,本一,外国语言文学类,366,350,355.23,-1,-1,-1,-1,-1,-1,-1,-1,-1,外国语学院,-1
315,江苏,理科,本一,外国语言文学类,379,367,371.24,-1,-1,-1,-1,-1,-1,-1,-1,-1,外国语学院,-1
316,江苏,理科,本一,数学与应用数学（基地班）,373,365,368,-1,-1,-1,-1,-1,-1,-1,-1,-1,数学科学学院,-1
317,江苏,理科,本一,信息与计算科学,364,361,362.5,-1,-1,-1,-1,-1,-1,-1,-1,-1,数学科学学院,-1
318,江苏,理科,本一,统计学,366,363,364.18,-1,-1,-1,-1,-1,-1,-1,-1,-1,数学科学学院,-1
319,江苏,理科,本一,金融数学,368,365,366.1,-1,-1,-1,-1,-1,-1,-1,-1,-1,数学科学学院,-1
320,江苏,理科,本一,计算机科学与技术,367,360,362.38,-1,-1,-1,-1,-1,-1,-1,-1,-1,计算机科学与技术学院,-1
321,江苏,理科,本一,软件工程,366,360,362.24,-1,-1,-1,-1,-1,-1,-1,-1,-1,计算机科学与技术学院,-1
322,江苏,理科,本一,信息管理与信息系统,368,359,361.28,-1,-1,-1,-1,-1,-1,-1,-1,-1,计算机科学与技术学院,-1
323,江苏,理科,本一,物理学类（含物理学、应用物理学）,375,360,362.62,-1,-1,-1,-1,-1,-1,-1,-1,-1,物理科学与技术学院,-1
324,江苏,理科,本一,电子信息工程,372,361,362.6,-1,-1,-1,-1,-1,-1,-1,-1,-1,物理科学与技术学院,-1
325,江苏,理科,本一,通信工程,369,364,364.95,-1,-1,-1,-1,-1,-1,-1,-1,-1,物理科学与技术学院,-1
326,江苏,理科,本一,化学类（含应用化学、化学）,369,362,363.47,-1,-1,-1,-1,-1,-1,-1,-1,-1,化学与材料科学学院,-1
327,江苏,理科,农村,化学类（含应用化学、化学）,355,348,352.5,-1,-1,-1,-1,-1,-1,-1,-1,-1,化学与材料科学学院,-1
328,江苏,理科,本一,生物科学（基地班）,367,363,364.63,-1,-1,-1,-1,-1,-1,-1,-1,-1,生命科学学院,-1
329,江苏,理科,本一,生物技术,365,359,361.8,-1,-1,-1,-1,-1,-1,-1,-1,-1,生命科学学院,-1
330,江苏,理科,本一,生物工程,365,359,361.38,-1,-1,-1,-1,-1,-1,-1,-1,-1,生命科学学院,-1
331,江苏,理科,本一,自然地理与资源环境,366,359,362.4,-1,-1,-1,-1,-1,-1,-1,-1,-1,地理科学学院,-1
332,江苏,理科,本一,海洋资源开发技术,363,359,361.64,-1,-1,-1,-1,-1,-1,-1,-1,-1,地理科学学院,-1
333,江苏,文科,本一,旅游管理,356,352,353.67,-1,-1,-1,-1,-1,-1,-1,-1,-1,地理科学学院,-1
334,江苏,理科,本一,旅游管理,363,359,361.61,-1,-1,-1,-1,-1,-1,-1,-1,-1,地理科学学院,-1
335,江苏,理科,本一,地理信息科学,372,365,367.5,-1,-1,-1,-1,-1,-1,-1,-1,-1,地理科学学院,-1
336,江苏,理科,本一,测绘工程,365,359,362.4,-1,-1,-1,-1,-1,-1,-1,-1,-1,地理科学学院,-1
337,江苏,理科,本一,人文地理与城乡规划,365,363,363.67,-1,-1,-1,-1,-1,-1,-1,-1,-1,地理科学学院,-1
338,江苏,理科,本一,环境科学与工程类（含环境工程、环境科学）,369,360,362.21,-1,-1,-1,-1,-1,-1,-1,-1,-1,地理科学学院,-1
339,江苏,理科,农村,环境科学与工程类（含环境工程、环境科学）,352,345,348.8,-1,-1,-1,-1,-1,-1,-1,-1,-1,地理科学学院,-1
340,江苏,艺术,艺术公办第二小批,音乐学（师范）,360,319,331.43,-1,-1,-1,-1,-1,-1,-1,-1,-1,音乐学院,专业分
341,江苏,艺术,艺术公办第二小批,音乐学（师范）（实验班）,344,315,324.54,-1,-1,-1,-1,-1,-1,-1,-1,-1,音乐学院,专业分
342,江苏,艺术,艺术公办第二小批,音乐表演,316,300,307.83,-1,-1,-1,-1,-1,-1,-1,-1,-1,音乐学院,专业分
343,江苏,艺术,艺术公办第一小批,音乐学（钢琴制作与调律）,273,224,260.71,-1,-1,-1,-1,-1,-1,-1,-1,-1,音乐学院,专业分
344,江苏,艺术,艺术公办第一小批,舞蹈学,249,206,227.08,-1,-1,-1,-1,-1,-1,-1,-1,-1,音乐学院,专业分
345,江苏,艺术,艺术公办第二小批,绘画（师范）,544,525,530.23,-1,-1,-1,-1,-1,-1,-1,-1,-1,美术学院,综合分
346,江苏,艺术,艺术公办第二小批,设计学类,546,529,534.97,-1,-1,-1,-1,-1,-1,-1,-1,-1,美术学院,综合分
347,江苏,艺术,艺术公办第二小批,动画,538,525,528.62,-1,-1,-1,-1,-1,-1,-1,-1,-1,美术学院,综合分
348,江苏,艺术,艺术公办第一小批,美术学（书法学）（师范）,585,485,534,-1,-1,-1,-1,-1,-1,-1,-1,-1,美术学院,综合分
349,江苏,艺术,艺术公办第一小批,服装与服饰设计,521,460,493.25,-1,-1,-1,-1,-1,-1,-1,-1,-1,美术学院,综合分
350,江苏,艺术,艺术公办第一小批,产品设计,573,548,559.25,-1,-1,-1,-1,-1,-1,-1,-1,-1,美术学院,综合分
351,江苏,艺术,艺术公办第一小批,摄影,581,532,545,-1,-1,-1,-1,-1,-1,-1,-1,-1,美术学院,综合分
352,江苏,文科,本一,新闻学,362,357,359.33,-1,-1,-1,-1,-1,-1,-1,-1,-1,新闻与传播学院,-1
353,江苏,理科,本一,新闻学,374,366,368,-1,-1,-1,-1,-1,-1,-1,-1,-1,新闻与传播学院,-1
354,江苏,文科,本一,广播电视学,364,354,357.33,-1,-1,-1,-1,-1,-1,-1,-1,-1,新闻与传播学院,-1
355,江苏,理科,本一,广播电视学,365,365,365,-1,-1,-1,-1,-1,-1,-1,-1,-1,新闻与传播学院,-1
356,江苏,文科,本一,广告学,367,352,354.75,-1,-1,-1,-1,-1,-1,-1,-1,-1,新闻与传播学院,-1
357,江苏,理科,本一,广告学,365,362,363.67,-1,-1,-1,-1,-1,-1,-1,-1,-1,新闻与传播学院,-1
358,江苏,艺术,艺术公办第一小批,广播电视编导,566,522,534.52,-1,-1,-1,-1,-1,-1,-1,-1,-1,新闻与传播学院,综合分
359,江苏,艺术,艺术公办第一小批,摄影（新闻摄影）,579,530,552.39,-1,-1,-1,-1,-1,-1,-1,-1,-1,新闻与传播学院,综合分
360,江苏,文科,本一,网络与新媒体,361,356,358.5,-1,-1,-1,-1,-1,-1,-1,-1,-1,新闻与传播学院,-1
361,江苏,理科,本一,网络与新媒体,374,363,366.67,-1,-1,-1,-1,-1,-1,-1,-1,-1,新闻与传播学院,-1
362,江苏,体育,公办体育批,体育教育,146,114,128.37,-1,-1,-1,-1,-1,-1,-1,-1,-1,体育科学学院,专业分
363,江苏,体育,公办体育批,社会体育指导与管理,136,109,125.13,-1,-1,-1,-1,-1,-1,-1,-1,-1,体育科学学院,专业分
364,江苏,文科,本一,会计学,364,360,361.8,-1,-1,-1,-1,-1,-1,-1,-1,-1,金陵女子学院,-1
365,江苏,理科,本一,会计学,373,367,368.3,-1,-1,-1,-1,-1,-1,-1,-1,-1,金陵女子学院,-1
366,江苏,文科,本一,财务管理,360,358,359,-1,-1,-1,-1,-1,-1,-1,-1,-1,金陵女子学院,-1
367,江苏,理科,本一,财务管理,366,365,365.6,-1,-1,-1,-1,-1,-1,-1,-1,-1,金陵女子学院,-1
368,江苏,文科,本一,劳动与社会保障,352,350,351.14,-1,-1,-1,-1,-1,-1,-1,-1,-1,金陵女子学院,-1
369,江苏,理科,本一,劳动与社会保障,362,359,360.57,-1,-1,-1,-1,-1,-1,-1,-1,-1,金陵女子学院,-1
370,江苏,理科,本一,食品科学与工程类（含食品科学与工程、食品质量与安全）,366,359,361.69,-1,-1,-1,-1,-1,-1,-1,-1,-1,金陵女子学院,-1
371,江苏,理科,农村,食品科学与工程类（含食品科学与工程、食品质量与安全）,354,350,352,-1,-1,-1,-1,-1,-1,-1,-1,-1,金陵女子学院,-1
372,江苏,文科,本一,英语,356,349,351.71,-1,-1,-1,-1,-1,-1,-1,-1,-1,金陵女子学院,-1
373,江苏,理科,本一,英语,371,368,369.43,-1,-1,-1,-1,-1,-1,-1,-1,-1,金陵女子学院,-1
374,江苏,理科,本一,电气工程及其自动化,370,362,364.24,-1,-1,-1,-1,-1,-1,-1,-1,-1,电气与自动化工程学院,-1
375,江苏,理科,农村,电气工程及其自动化,359,350,354.6,-1,-1,-1,-1,-1,-1,-1,-1,-1,电气与自动化工程学院,-1
376,江苏,理科,本一,自动化,362,361,361.3,-1,-1,-1,-1,-1,-1,-1,-1,-1,电气与自动化工程学院,-1
377,江苏,理科,农村,自动化,355,346,349.67,-1,-1,-1,-1,-1,-1,-1,-1,-1,电气与自动化工程学院,-1
378,江苏,理科,本一,电气工程及其自动化（中英合作办学）,370,344,348.32,-1,-1,-1,-1,-1,-1,-1,-1,-1,电气与自动化工程学院,-1
379,江苏,理科,本一,能源动力类（含能源与动力工程、能源与环境系统工程）,365,359,360.56,-1,-1,-1,-1,-1,-1,-1,-1,-1,能源与机械工程学院,-1
380,江苏,理科,农村,能源动力类（含能源与动力工程、能源与环境系统工程）,353,345,347.71,-1,-1,-1,-1,-1,-1,-1,-1,-1,能源与机械工程学院,-1
381,江苏,理科,本一,机械工程,365,362,363.5,-1,-1,-1,-1,-1,-1,-1,-1,-1,能源与机械工程学院,-1
382,江苏,理科,农村,机械工程,352,347,349.67,-1,-1,-1,-1,-1,-1,-1,-1,-1,能源与机械工程学院,-1
383,江苏,理科,本一,建筑环境与能源应用工程,364,359,361.33,-1,-1,-1,-1,-1,-1,-1,-1,-1,能源与机械工程学院,-1
384,江苏,理科,农村,建筑环境与能源应用工程,352,349,350.5,-1,-1,-1,-1,-1,-1,-1,-1,-1,能源与机械工程学院,-1
385,江苏,文科,本一,汉语国际教育,358,353,354.53,-1,-1,-1,-1,-1,-1,-1,-1,-1,国际文化教育学院,-1
386,江苏,理科,本一,汉语国际教育,375,365,367.6,-1,-1,-1,-1,-1,-1,-1,-1,-1,国际文化教育学院,-1
387,江苏,文科,本一,汉语言文学（师范）,372,359,362.2,-1,-1,-1,-1,-1,-1,-1,-1,-1,教师教育学院,-1
388,江苏,文科,本一,历史学（师范）,360,353,355.4,-1,-1,-1,-1,-1,-1,-1,-1,-1,教师教育学院,-1
389,江苏,文科,本一,思想政治教育（师范）,359,350,351.82,-1,-1,-1,-1,-1,-1,-1,-1,-1,教师教育学院,-1
390,江苏,文科,本一,英语（师范）,367,358,360.63,-1,-1,-1,-1,-1,-1,-1,-1,-1,教师教育学院,-1
391,江苏,理科,本一,英语（师范）,378,372,375.36,-1,-1,-1,-1,-1,-1,-1,-1,-1,教师教育学院,-1
392,江苏,理科,本一,数学与应用数学（师范）,384,372,376.31,-1,-1,-1,-1,-1,-1,-1,-1,-1,教师教育学院,-1
393,江苏,理科,本一,计算机科学与技术（师范）,367,359,361.88,-1,-1,-1,-1,-1,-1,-1,-1,-1,教师教育学院,-1
394,江苏,理科,本一,物理学（师范）,372,367,368.93,-1,-1,-1,-1,-1,-1,-1,-1,-1,教师教育学院,-1
395,江苏,理科,本一,化学（师范）,371,366,367.65,-1,-1,-1,-1,-1,-1,-1,-1,-1,教师教育学院,-1
396,江苏,理科,本一,生物科学（师范）,372,366,367.94,-1,-1,-1,-1,-1,-1,-1,-1,-1,教师教育学院,-1
397,江苏,文科,本一,地理科学（师范）,361,350,353.5,-1,-1,-1,-1,-1,-1,-1,-1,-1,教师教育学院,-1
398,江苏,理科,本一,地理科学（师范）,369,365,365.89,-1,-1,-1,-1,-1,-1,-1,-1,-1,教师教育学院,-1
399,北京,理科,本一,-1,611,564,-1,-1,-1,-1,-1,548,-1,-1,16,-1,-1,-1
400,北京,文科,本一,-1,622,593,-1,-1,-1,-1,-1,579,-1,-1,14,-1,-1,-1
401,山西,理科,国家专项,-1,542,531,-1,-1,-1,-1,-1,515,-1,-1,16,-1,-1,-1
402,山西,文科,本一,-1,555,546,-1,-1,-1,-1,-1,513,-1,-1,33,-1,-1,-1
403,山西,理科,本一,-1,567,556,-1,-1,-1,-1,-1,515,-1,-1,41,-1,-1,-1
404,内蒙古,理科,本一,-1,579,519,-1,-1,-1,-1,-1,464,-1,-1,55,-1,-1,-1
405,内蒙古,理科,国家专项,-1,549,522,-1,-1,-1,-1,-1,464,-1,-1,58,-1,-1,-1
406,内蒙古,文科,本一,-1,574,565,-1,-1,-1,-1,-1,487,-1,-1,78,-1,-1,-1
407,黑龙江,理科,本一,-1,599,569,-1,-1,-1,-1,-1,483,-1,-1,86,-1,-1,-1
408,黑龙江,理科,国家专项,-1,544,503,-1,-1,-1,-1,-1,483,-1,-1,20,-1,-1,-1
409,浙江,理科,本一,-1,684,657,-1,-1,-1,-1,-1,605,-1,-1,52,-1,-1,-1
410,浙江,文科,本一,-1,680,671,-1,-1,-1,-1,-1,626,-1,-1,45,-1,-1,-1
411,安徽,理科,国家专项,-1,613,606,-1,-1,-1,-1,-1,555,-1,-1,51,-1,-1,-1
412,安徽,中英联合办学理科,本一,-1,603,579,-1,-1,-1,-1,-1,555,-1,-1,24,-1,-1,-1
413,安徽,文科,本一,-1,651,640,-1,-1,-1,-1,-1,597,-1,-1,43,-1,-1,-1
414,安徽,理科,本一,-1,643,620,-1,-1,-1,-1,-1,555,-1,-1,65,-1,-1,-1
415,江西,理科,本一,-1,597,569,-1,-1,-1,-1,-1,540,-1,-1,29,-1,-1,-1
416,江西,理科,国家专项,-1,577,560,-1,-1,-1,-1,-1,540,-1,-1,20,-1,-1,-1
417,江西,文科,本一,-1,570,557,-1,-1,-1,-1,-1,528,-1,-1,29,-1,-1,-1
418,山东,理科,本一,-1,646,620,-1,-1,-1,-1,-1,562,-1,-1,58,-1,-1,-1
419,山东,文科,本一,-1,627,616,-1,-1,-1,-1,-1,568,-1,-1,48,-1,-1,-1
420,河南,理科,国家专项,-1,587,553,-1,-1,-1,-1,-1,529,-1,-1,24,-1,-1,-1
421,河南,文科,本一,-1,567,557,-1,-1,-1,-1,-1,513,-1,-1,44,-1,-1,-1
422,河南,理科,本一,-1,597,578,-1,-1,-1,-1,-1,529,-1,-1,49,-1,-1,-1
423,广东,理科,本一,-1,614,596,-1,-1,-1,-1,-1,577,-1,-1,19,-1,-1,-1
424,广西,理科,本一,-1,553,525,-1,-1,-1,-1,-1,480,-1,-1,45,-1,-1,-1
425,广西,理科,国家专项,-1,520,495,-1,-1,-1,-1,-1,480,-1,-1,15,-1,-1,-1
426,广西,文科,本一,-1,574,564,-1,-1,-1,-1,-1,530,-1,-1,34,-1,-1,-1
427,贵州,理科,本一,-1,557,512,-1,-1,-1,-1,-1,453,-1,-1,59,-1,-1,-1
428,贵州,理科,国家专项,-1,527,489,-1,-1,-1,-1,-1,453,-1,-1,36,-1,-1,-1
429,贵州,文科,本一,-1,611,583,-1,-1,-1,-1,-1,543,-1,-1,40,-1,-1,-1
430,云南,理科,本一,-1,570,517,-1,-1,-1,-1,-1,500,-1,-1,17,-1,-1,-1
431,云南,文科,本一,-1,595,574,-1,-1,-1,-1,-1,540,-1,-1,34,-1,-1,-1
432,甘肃,文科,本一,-1,577,551,-1,-1,-1,-1,-1,517,-1,-1,34,-1,-1,-1
433,甘肃,理科,本一,-1,559,514,-1,-1,-1,-1,-1,475,-1,-1,39,-1,-1,-1
434,甘肃,理科,国家专项,-1,509,475,-1,-1,-1,-1,-1,475,-1,-1,0,-1,-1,-1
435,青海,理科,国家专项,-1,501,404,-1,-1,-1,-1,-1,400,-1,-1,4,-1,-1,-1
436,青海,理科,本一,-1,469,400,-1,-1,-1,-1,-1,400,-1,-1,0,-1,-1,-1
437,河北,理科,国家专项,-1,592,579,-1,-1,-1,-1,-1,544,-1,-1,35,-1,-1,-1
438,河北,文科,本一,-1,608,595,-1,-1,-1,-1,-1,548,-1,-1,47,-1,-1,-1
439,河北,理科,本一,-1,620,595,-1,-1,-1,-1,-1,544,-1,-1,51,-1,-1,-1
440,辽宁,文科,本一,-1,606,579,-1,-1,-1,-1,-1,530,-1,-1,49,-1,-1,-1
441,辽宁,理科,本一,-1,593,559,-1,-1,-1,-1,-1,500,-1,-1,59,-1,-1,-1
442,吉林,理科,国家专项,-1,556,549,-1,-1,-1,-1,-1,525,-1,-1,24,-1,-1,-1
443,吉林,理科,本一,-1,573,555,-1,-1,-1,-1,-1,525,-1,-1,30,-1,-1,-1
444,上海,文科,本一,-1,463,438,-1,-1,-1,-1,-1,434,-1,-1,4,-1,-1,-1
445,上海,理科,本一,-1,449,418,-1,-1,-1,-1,-1,414,-1,-1,4,-1,-1,-1
446,海南,理科,国家专项,-1,664,641,-1,-1,-1,-1,-1,608,-1,-1,33,-1,-1,-1
447,海南,理科,本一,-1,709,646,-1,-1,-1,-1,-1,608,-1,-1,38,-1,-1,-1
448,重庆,理科,国家专项,-1,622,576,-1,-1,-1,-1,-1,573,-1,-1,3,-1,-1,-1
449,重庆,文科,本一,-1,632,608,-1,-1,-1,-1,-1,572,-1,-1,36,-1,-1,-1
450,重庆,理科,本一,-1,620,612,-1,-1,-1,-1,-1,573,-1,-1,39,-1,-1,-1
451,四川,理科,国家专项,-1,540,531,-1,-1,-1,-1,-1,528,-1,-1,3,-1,-1,-1
452,四川,文科,本一,-1,592,580,-1,-1,-1,-1,-1,543,-1,-1,37,-1,-1,-1
453,四川,理科,本一,-1,589,567,-1,-1,-1,-1,-1,528,-1,-1,39,-1,-1,-1
454,陕西,文科,本一,-1,592,548,-1,-1,-1,-1,-1,510,-1,-1,38,-1,-1,-1
455,陕西,理科,国家专项,-1,538,515,-1,-1,-1,-1,-1,480,-1,-1,35,-1,-1,-1
456,陕西,理科,本一,-1,566,546,-1,-1,-1,-1,-1,480,-1,-1,66,-1,-1,-1
457,宁夏,理科,国家专项,-1,477,477,-1,-1,-1,-1,-1,445,-1,-1,32,-1,-1,-1
458,宁夏,理科,本一,-1,518,491,-1,-1,-1,-1,-1,445,-1,-1,46,-1,-1,-1
459,天津,理科,本一,-1,604,585,-1,-1,-1,-1,-1,538,-1,-1,47,-1,-1,-1
460,天津,文科,本一,-1,609,593,-1,-1,-1,-1,-1,547,-1,-1,46,-1,-1,-1
461,福建,理科,本一,-1,628,603,-1,-1,-1,-1,-1,525,-1,-1,78,-1,-1,-1
462,福建,文科,本一,-1,614,600,-1,-1,-1,-1,-1,549,-1,-1,51,-1,-1,-1
463,湖北,理科,本一,-1,573,545,-1,-1,-1,-1,-1,510,-1,-1,35,-1,-1,-1
464,湖北,理科,国家专项,-1,565,545,-1,-1,-1,-1,-1,510,-1,-1,35,-1,-1,-1
465,湖南,理科,本一,-1,595,577,-1,-1,-1,-1,-1,526,-1,-1,51,-1,-1,-1
466,湖南,文科,本一,-1,591,582,-1,-1,-1,-1,-1,535,-1,-1,47,-1,-1,-1
467,湖南,理科,国家专项,-1,575,564,-1,-1,-1,-1,-1,526,-1,-1,38,-1,-1,-1
468,新疆,民语言文科,本一,-1,475,450,-1,-1,-1,-1,-1,424,-1,-1,26,-1,-1,-1
469,新疆,民语言理科,本一,-1,394,362,-1,-1,-1,-1,-1,334,-1,-1,28,-1,-1,-1
470,新疆,文科,本一,-1,570,556,-1,-1,-1,-1,-1,486,-1,-1,70,-1,-1,-1
471,新疆,理科,本一,-1,548,502,-1,-1,-1,-1,-1,446,-1,-1,56,-1,-1,-1
472,浙江,体育,-1,体育教育,95,87,91.1,-1,-1,-1,-1,-1,-1,-1,-1,-1,-1,-1
473,浙江,体育,-1,社会体育指导与管理,86,78,83.5,-1,-1,-1,-1,-1,-1,-1,-1,-1,-1,-1
474,安徽,体育,-1,体育教育,97.58,92.05,94.69,-1,-1,-1,-1,-1,-1,-1,-1,-1,-1,-1
475,安徽,体育,-1,社会体育指导与管理,91.72,87.63,89.92,-1,-1,-1,-1,-1,-1,-1,-1,-1,-1,-1
476,山东,体育,-1,体育教育,94.6,77.61,87.07,-1,-1,-1,-1,-1,-1,-1,-1,-1,-1,-1
477,山东,体育,-1,社会体育指导与管理,78.91,74.64,76.13,-1,-1,-1,-1,-1,-1,-1,-1,-1,-1,-1
478,河南,体育,-1,社会体育指导与管理,117,111,114,-1,-1,-1,-1,-1,-1,-1,-1,-1,-1,-1
479,辽宁,体育,-1,社会体育指导与管理,79,72.1,75.55,-1,-1,-1,-1,-1,-1,-1,-1,-1,-1,-1
480,吉林,体育,-1,社会体育指导与管理,74.16,68.54,71.35,-1,-1,-1,-1,-1,-1,-1,-1,-1,-1,-1
481,安徽,艺术,-1,播音与主持艺术,823,771,791.75,-1,-1,-1,-1,-1,-1,-1,-1,-1,-1,-1
482,安徽,艺术,-1,舞蹈学,192,192,192,-1,-1,-1,-1,-1,-1,-1,-1,-1,-1,-1
483,安徽,艺术,-1,绘画（师范）,77.89,69.81,74.34,-1,-1,-1,-1,-1,-1,-1,-1,-1,-1,-1
484,安徽,艺术,-1,设计学类,80.8,71.52,75.2,-1,-1,-1,-1,-1,-1,-1,-1,-1,-1,-1
485,安徽,艺术,-1,动画,71.79,70.61,71.2,-1,-1,-1,-1,-1,-1,-1,-1,-1,-1,-1
486,安徽,艺术,-1,产品设计,75.31,75.31,75.31,-1,-1,-1,-1,-1,-1,-1,-1,-1,-1,-1
487,安徽,艺术,-1,广播电视编导,848,798,819.33,-1,-1,-1,-1,-1,-1,-1,-1,-1,-1,-1
488,福建,艺术,-1,舞蹈学,237,237,237,-1,-1,-1,-1,-1,-1,-1,-1,-1,-1,-1
489,福建,艺术,-1,绘画（师范）,67.79,67.79,67.79,-1,-1,-1,-1,-1,-1,-1,-1,-1,-1,-1
490,福建,艺术,-1,设计学类,68.56,68.56,68.56,-1,-1,-1,-1,-1,-1,-1,-1,-1,-1,-1
491,福建,艺术,-1,动画,67.17,67.17,67.17,-1,-1,-1,-1,-1,-1,-1,-1,-1,-1,-1
492,广东,艺术,-1,音乐学（师范）,236,221,228,-1,-1,-1,-1,-1,-1,-1,-1,-1,-1,-1
493,广东,艺术,-1,音乐表演,232,223,227.5,-1,-1,-1,-1,-1,-1,-1,-1,-1,-1,-1
494,广东,艺术,-1,音乐学（钢琴制作与调律）,238,228,232.33,-1,-1,-1,-1,-1,-1,-1,-1,-1,-1,-1
495,广西,艺术,-1,绘画（师范）,67.81,67.81,67.81,-1,-1,-1,-1,-1,-1,-1,-1,-1,-1,-1
496,广西,艺术,-1,设计学类,71.6,71.6,71.6,-1,-1,-1,-1,-1,-1,-1,-1,-1,-1,-1
497,海南,艺术,-1,舞蹈学,186,186,186,-1,-1,-1,-1,-1,-1,-1,-1,-1,-1,-1
498,湖南,艺术理,-1,设计学类,69.01,69.01,69.01,-1,-1,-1,-1,-1,-1,-1,-1,-1,-1,-1
499,湖南,艺术理,-1,动画,71.87,71.87,71.87,-1,-1,-1,-1,-1,-1,-1,-1,-1,-1,-1
500,湖南,艺术理,-1,摄影,67.36,67.36,67.36,-1,-1,-1,-1,-1,-1,-1,-1,-1,-1,-1
501,湖南,艺术文,-1,绘画（师范）,71.44,69.09,70.54,-1,-1,-1,-1,-1,-1,-1,-1,-1,-1,-1
502,湖南,艺术文,-1,设计学类,74,72.35,73.17,-1,-1,-1,-1,-1,-1,-1,-1,-1,-1,-1
503,湖南,艺术文,-1,动画,73.55,73.55,73.55,-1,-1,-1,-1,-1,-1,-1,-1,-1,-1,-1
504,湖南,艺术文,-1,摄影,70.03,65.92,67.97,-1,-1,-1,-1,-1,-1,-1,-1,-1,-1,-1
505,吉林,艺术,-1,绘画（师范）,67.49,67.49,67.49,-1,-1,-1,-1,-1,-1,-1,-1,-1,-1,-1
506,辽宁,艺术,-1,舞蹈学,225,225,225,-1,-1,-1,-1,-1,-1,-1,-1,-1,-1,-1
507,辽宁,艺术,-1,绘画（师范）,69.65,62.75,66.2,-1,-1,-1,-1,-1,-1,-1,-1,-1,-1,-1
508,辽宁,艺术,-1,设计学类,74.67,67.84,70.48,-1,-1,-1,-1,-1,-1,-1,-1,-1,-1,-1
509,内蒙古,艺术,-1,绘画（师范）,68.24,53.17,63.01,-1,-1,-1,-1,-1,-1,-1,-1,-1,-1,-1
510,内蒙古,艺术,-1,设计学类,68.19,66.99,67.59,-1,-1,-1,-1,-1,-1,-1,-1,-1,-1,-1
511,内蒙古,艺术,-1,动画,66.27,66.27,66.27,-1,-1,-1,-1,-1,-1,-1,-1,-1,-1,-1
512,内蒙古,艺术,-1,产品设计,59.98,59.98,59.98,-1,-1,-1,-1,-1,-1,-1,-1,-1,-1,-1
513,山东,艺术理,-1,播音与主持艺术,683,683,683,-1,-1,-1,-1,-1,-1,-1,-1,-1,-1,-1
514,山东,艺术理,-1,设计学类,67.07,67.07,67.07,-1,-1,-1,-1,-1,-1,-1,-1,-1,-1,-1
515,山东,艺术理,-1,服装与服饰设计,241,241,241,-1,-1,-1,-1,-1,-1,-1,-1,-1,-1,-1
516,山东,艺术理,-1,摄影,81.36,81.36,81.36,-1,-1,-1,-1,-1,-1,-1,-1,-1,-1,-1
517,山东,艺术理,-1,广播电视编导,681,681,681,-1,-1,-1,-1,-1,-1,-1,-1,-1,-1,-1
518,山东,艺术文,-1,播音与主持艺术,818,795,804,-1,-1,-1,-1,-1,-1,-1,-1,-1,-1,-1
519,山东,艺术文,-1,绘画（师范）,72.61,71.52,72.07,-1,-1,-1,-1,-1,-1,-1,-1,-1,-1,-1
520,山东,艺术文,-1,设计学类,73.2,72.75,72.97,-1,-1,-1,-1,-1,-1,-1,-1,-1,-1,-1
521,山东,艺术文,-1,动画,70.48,70.48,70.48,-1,-1,-1,-1,-1,-1,-1,-1,-1,-1,-1
522,山东,艺术文,-1,服装与服饰设计,245,229,237,-1,-1,-1,-1,-1,-1,-1,-1,-1,-1,-1
523,山东,艺术文,-1,产品设计,72.76,72.76,72.76,-1,-1,-1,-1,-1,-1,-1,-1,-1,-1,-1
524,山东,艺术文,-1,摄影,73.73,68.45,70.84,-1,-1,-1,-1,-1,-1,-1,-1,-1,-1,-1
525,山东,艺术文,-1,广播电视编导,790,683,741.67,-1,-1,-1,-1,-1,-1,-1,-1,-1,-1,-1
526,云南,艺术,-1,绘画（师范）,68.15,68.15,68.15,-1,-1,-1,-1,-1,-1,-1,-1,-1,-1,-1
527,云南,艺术,-1,设计学类,71.55,71.55,71.55,-1,-1,-1,-1,-1,-1,-1,-1,-1,-1,-1
528,浙江,艺术理,-1,设计学类,74.29,74.29,74.29,-1,-1,-1,-1,-1,-1,-1,-1,-1,-1,-1
529,浙江,艺术理,-1,动画,71.49,71.49,71.49,-1,-1,-1,-1,-1,-1,-1,-1,-1,-1,-1
530,浙江,艺术理,-1,摄影,72.51,72.51,72.51,-1,-1,-1,-1,-1,-1,-1,-1,-1,-1,-1
531,浙江,艺术文,-1,播音与主持艺术,742,742,742,-1,-1,-1,-1,-1,-1,-1,-1,-1,-1,-1
532,浙江,艺术文,-1,音乐学（师范）,239,233,235,-1,-1,-1,-1,-1,-1,-1,-1,-1,-1,-1
533,浙江,艺术文,-1,音乐表演,235,235,235,-1,-1,-1,-1,-1,-1,-1,-1,-1,-1,-1
534,浙江,艺术文,-1,绘画（师范）,75.89,71.17,72.93,-1,-1,-1,-1,-1,-1,-1,-1,-1,-1,-1
535,浙江,艺术文,-1,设计学类,76.93,73.36,75.09,-1,-1,-1,-1,-1,-1,-1,-1,-1,-1,-1
536,浙江,艺术文,-1,动画,70.85,70.85,70.85,-1,-1,-1,-1,-1,-1,-1,-1,-1,-1,-1
537,重庆,艺术,-1,舞蹈学,180,180,180,-1,-1,-1,-1,-1,-1,-1,-1,-1,-1,-1
538,甘肃,艺术,-1,绘画（师范）,70.45,61.89,65.89,-1,-1,-1,-1,-1,-1,-1,-1,-1,-1,-1
539,甘肃,艺术,-1,设计学类,64.88,61.81,63.48,-1,-1,-1,-1,-1,-1,-1,-1,-1,-1,-1
540,山西,艺术,-1,音乐学（师范）,234,221,225.33,-1,-1,-1,-1,-1,-1,-1,-1,-1,-1,-1
541,山西,艺术,-1,音乐表演,232,219,224.75,-1,-1,-1,-1,-1,-1,-1,-1,-1,-1,-1
542,山西,艺术,-1,音乐学（钢琴制作与调律）,238,238,238,-1,-1,-1,-1,-1,-1,-1,-1,-1,-1,-1
543,山西,艺术,-1,舞蹈学,246,208,227,-1,-1,-1,-1,-1,-1,-1,-1,-1,-1,-1
544,山西,艺术,-1,绘画（师范）,70.21,65.44,67.34,-1,-1,-1,-1,-1,-1,-1,-1,-1,-1,-1
545,山西,艺术,-1,设计学类,69.57,65.57,66.93,-1,-1,-1,-1,-1,-1,-1,-1,-1,-1,-1
546,河北,艺术,-1,舞蹈学,216,216,216,-1,-1,-1,-1,-1,-1,-1,-1,-1,-1,-1
547,河南,艺术文,-1,绘画（师范）,74.04,61.94,69.96,-1,-1,-1,-1,-1,-1,-1,-1,-1,-1,-1
548,河南,艺术文,-1,设计学类,72.13,63.51,67.9,-1,-1,-1,-1,-1,-1,-1,-1,-1,-1,-1
549,河南,艺术文,-1,动画,64.63,64.63,64.63,-1,-1,-1,-1,-1,-1,-1,-1,-1,-1,-1
550,河南,艺术文,-1,产品设计,69.07,69.07,69.07,-1,-1,-1,-1,-1,-1,-1,-1,-1,-1,-1
551,河南,艺术文,-1,摄影,67.38,67.38,67.38,-1,-1,-1,-1,-1,-1,-1,-1,-1,-1,-1
552,河南,艺术理,-1,设计学类,61.94,61.94,61.94,-1,-1,-1,-1,-1,-1,-1,-1,-1,-1,-1
553,黑龙江,艺术,-1,绘画（师范）,58.53,58.53,58.53,-1,-1,-1,-1,-1,-1,-1,-1,-1,-1,-1
554,黑龙江,艺术,-1,设计学类,68.4,68.4,68.4,-1,-1,-1,-1,-1,-1,-1,-1,-1,-1,-1
555,黑龙江,艺术,-1,产品设计,59.54,59.54,59.54,-1,-1,-1,-1,-1,-1,-1,-1,-1,-1,-1
556,湖北,艺术,-1,广播电视编导,769,769,769,-1,-1,-1,-1,-1,-1,-1,-1,-1,-1,-1
557,江西,艺术,-1,舞蹈学,243,243,243,-1,-1,-1,-1,-1,-1,-1,-1,-1,-1,-1
558,江苏,文科,本一,文科强化班,377,368,370.98,-1,-1,-1,-1,-1,-1,-1,-1,-1,强化培养学院,-1
559,江苏,理科,本一,理工科强化班,377,369,371.4,-1,-1,-1,-1,-1,-1,-1,-1,-1,强化培养学院,-1
560,江苏,文科,本一,汉语言文学（基地班）,373,366,368.14,-1,-1,-1,-1,-1,-1,-1,-1,-1,文学院,-1
561,江苏,文科,本一,汉语言文学,371,363,364.83,-1,-1,-1,-1,-1,-1,-1,-1,-1,文学院,-1
562,江苏,文科,本一,汉语言,364,362,362.4,-1,-1,-1,-1,-1,-1,-1,-1,-1,文学院,-1
563,江苏,文科,本一,古典文献学,362,361,361.75,-1,-1,-1,-1,-1,-1,-1,-1,-1,文学院,-1
564,江苏,文科,本一,秘书学,362,358,360.2,-1,-1,-1,-1,-1,-1,-1,-1,-1,文学院,-1
565,江苏,文科,提前,秘书学,359,347,353,-1,-1,-1,-1,-1,-1,-1,-1,-1,文学院,-1
566,江苏,理科,本一,汉语言,373,367,370.2,-1,-1,-1,-1,-1,-1,-1,-1,-1,文学院,-1
567,江苏,文科,本一,文化产业管理,370,361,364,-1,-1,-1,-1,-1,-1,-1,-1,-1,社会发展学院,-1
568,江苏,文科,本一,社会学类（含社会学、社会工作）,362,360,361.29,-1,-1,-1,-1,-1,-1,-1,-1,-1,社会发展学院,-1
569,江苏,文科,本一,历史学,363,360,361.11,-1,-1,-1,-1,-1,-1,-1,-1,-1,社会发展学院,-1
570,江苏,文科,本一,文物与博物馆学,363,359,360.88,-1,-1,-1,-1,-1,-1,-1,-1,-1,社会发展学院,-1
571,江苏,文科,提前,历史学,353,349,351,-1,-1,-1,-1,-1,-1,-1,-1,-1,社会发展学院,-1
572,江苏,理科,本一,文化产业管理,362,361,361.5,-1,-1,-1,-1,-1,-1,-1,-1,-1,社会发展学院,-1
573,江苏,理科,本一,社会学类（含社会学、社会工作）,363,360,360.83,-1,-1,-1,-1,-1,-1,-1,-1,-1,社会发展学院,-1
574,江苏,文科,本一,法学,376,366,368.45,-1,-1,-1,-1,-1,-1,-1,-1,-1,法学院,-1
575,江苏,理科,本一,法学,370,365,367.39,-1,-1,-1,-1,-1,-1,-1,-1,-1,法学院,-1
576,江苏,文科,本一,公共管理类（含公共事业管理、行政管理）,367,360,362.27,-1,-1,-1,-1,-1,-1,-1,-1,-1,公共管理学院,-1
577,江苏,文科,提前,公共管理类（含公共事业管理、行政管理）,347,344,345,-1,-1,-1,-1,-1,-1,-1,-1,-1,公共管理学院,-1
578,江苏,理科,本一,公共管理类（含公共事业管理、行政管理）,365,362,363.25,-1,-1,-1,-1,-1,-1,-1,-1,-1,公共管理学院,-1
579,江苏,文科,本一,金融学,372,367,368.38,-1,-1,-1,-1,-1,-1,-1,-1,-1,商学院,-1
580,江苏,文科,本一,经济学,367,366,366.5,-1,-1,-1,-1,-1,-1,-1,-1,-1,商学院,-1
581,江苏,文科,本一,国际经济与贸易,367,364,365.2,-1,-1,-1,-1,-1,-1,-1,-1,-1,商学院,-1
582,江苏,文科,本一,人力资源管理,365,364,364.2,-1,-1,-1,-1,-1,-1,-1,-1,-1,商学院,-1
583,江苏,文科,本一,工商管理,366,363,363.5,-1,-1,-1,-1,-1,-1,-1,-1,-1,商学院,-1
584,江苏,文科,本一,管理科学,362,358,360.31,-1,-1,-1,-1,-1,-1,-1,-1,-1,商学院,-1
585,江苏,理科,本一,金融学,379,369,371.25,-1,-1,-1,-1,-1,-1,-1,-1,-1,商学院,-1
586,江苏,理科,本一,国际经济与贸易,372,367,368.6,-1,-1,-1,-1,-1,-1,-1,-1,-1,商学院,-1
587,江苏,理科,本一,经济学,369,367,368.17,-1,-1,-1,-1,-1,-1,-1,-1,-1,商学院,-1
588,江苏,理科,本一,工商管理,370,366,366.9,-1,-1,-1,-1,-1,-1,-1,-1,-1,商学院,-1
589,江苏,理科,本一,人力资源管理,366,363,364.8,-1,-1,-1,-1,-1,-1,-1,-1,-1,商学院,-1
590,江苏,理科,本一,管理科学,363,361,361.75,-1,-1,-1,-1,-1,-1,-1,-1,-1,商学院,-1
591,江苏,理科,提前,管理科学,348,346,347,-1,-1,-1,-1,-1,-1,-1,-1,-1,商学院,-1
592,江苏,文科,本一,小学教育（师范）,366,362,364.05,-1,-1,-1,-1,-1,-1,-1,-1,-1,教育科学学院,-1
593,江苏,文科,本一,学前教育（师范）,365,358,360.44,-1,-1,-1,-1,-1,-1,-1,-1,-1,教育科学学院,-1
594,江苏,理科,本一,教育技术学（师范）,374,361,363.92,-1,-1,-1,-1,-1,-1,-1,-1,-1,教育科学学院,-1
595,江苏,文科,本一,应用心理学,371,364,367.38,-1,-1,-1,-1,-1,-1,-1,-1,-1,心理学院,-1
596,江苏,理科,本一,应用心理学,374,364,366.58,-1,-1,-1,-1,-1,-1,-1,-1,-1,心理学院,-1
597,江苏,文科,本一,外国语言文学类,379,363,366.86,-1,-1,-1,-1,-1,-1,-1,-1,-1,外国语学院,-1
598,江苏,文科,本一,英语,370,364,366.35,-1,-1,-1,-1,-1,-1,-1,-1,-1,外国语学院,-1
599,江苏,文科,本一,翻译,369,362,363.57,-1,-1,-1,-1,-1,-1,-1,-1,-1,外国语学院,-1
600,江苏,理科,本一,外国语言文学类,375,366,369.05,-1,-1,-1,-1,-1,-1,-1,-1,-1,外国语学院,-1
601,江苏,理科,本一,翻译,373,366,368.67,-1,-1,-1,-1,-1,-1,-1,-1,-1,外国语学院,-1
602,江苏,理科,本一,英语,372,367,368.13,-1,-1,-1,-1,-1,-1,-1,-1,-1,外国语学院,-1
603,江苏,理科,本一,金融数学,370,366,367.36,-1,-1,-1,-1,-1,-1,-1,-1,-1,数学科学学院,-1
604,江苏,理科,本一,数学与应用数学（基地班）,374,365,367.04,-1,-1,-1,-1,-1,-1,-1,-1,-1,数学科学学院,-1
605,江苏,理科,本一,统计学,366,362,363.29,-1,-1,-1,-1,-1,-1,-1,-1,-1,数学科学学院,-1
606,江苏,理科,本一,信息与计算科学,365,360,361.75,-1,-1,-1,-1,-1,-1,-1,-1,-1,数学科学学院,-1
607,江苏,理科,本一,计算机科学与技术,369,363,364.82,-1,-1,-1,-1,-1,-1,-1,-1,-1,计算机科学与技术学院,-1
608,江苏,理科,本一,软件工程,370,362,364.09,-1,-1,-1,-1,-1,-1,-1,-1,-1,计算机科学与技术学院,-1
609,江苏,理科,本一,信息管理与信息系统,364,361,361.67,-1,-1,-1,-1,-1,-1,-1,-1,-1,计算机科学与技术学院,-1
610,江苏,理科,提前,计算机科学与技术,353,351,352,-1,-1,-1,-1,-1,-1,-1,-1,-1,计算机科学与技术学院,-1
611,江苏,理科,本一,通信工程,368,363,365.13,-1,-1,-1,-1,-1,-1,-1,-1,-1,物理科学与技术学院,-1
612,江苏,理科,本一,电子信息工程,371,362,364.06,-1,-1,-1,-1,-1,-1,-1,-1,-1,物理科学与技术学院,-1
613,江苏,理科,本一,物理学类（含物理学、应用物理学）,369,361,363.85,-1,-1,-1,-1,-1,-1,-1,-1,-1,物理科学与技术学院,-1
614,江苏,理科,提前,通信工程,350,348,349.33,-1,-1,-1,-1,-1,-1,-1,-1,-1,物理科学与技术学院,-1
615,江苏,理科,本一,化学类（含应用化学、化学）,371,359,362.61,-1,-1,-1,-1,-1,-1,-1,-1,-1,化学与材料科学学院,-1
616,江苏,理科,提前,化学类（含应用化学、化学）,350,347,348.33,-1,-1,-1,-1,-1,-1,-1,-1,-1,化学与材料科学学院,-1
617,江苏,理科,本一,生物科学（基地班）,368,361,363.44,-1,-1,-1,-1,-1,-1,-1,-1,-1,生命科学学院,-1
618,江苏,理科,本一,生物技术,366,360,361.82,-1,-1,-1,-1,-1,-1,-1,-1,-1,生命科学学院,-1
619,江苏,理科,本一,海洋资源开发技术,365,360,361.6,-1,-1,-1,-1,-1,-1,-1,-1,-1,生命科学学院,-1
620,江苏,理科,本一,生物工程,363,360,361.31,-1,-1,-1,-1,-1,-1,-1,-1,-1,生命科学学院,-1
621,江苏,理科,提前,生物技术,350,346,348,-1,-1,-1,-1,-1,-1,-1,-1,-1,生命科学学院,-1
622,江苏,文科,本一,旅游管理,362,362,362,-1,-1,-1,-1,-1,-1,-1,-1,-1,地理科学学院,-1
623,江苏,文科,本一,人文地理与城乡规划,363,360,361.5,-1,-1,-1,-1,-1,-1,-1,-1,-1,地理科学学院,-1
624,江苏,理科,本一,地理信息科学,374,366,368.14,-1,-1,-1,-1,-1,-1,-1,-1,-1,地理科学学院,-1
625,江苏,理科,本一,人文地理与城乡规划,365,363,363.8,-1,-1,-1,-1,-1,-1,-1,-1,-1,地理科学学院,-1
626,江苏,理科,本一,测绘工程,365,362,363.6,-1,-1,-1,-1,-1,-1,-1,-1,-1,地理科学学院,-1
627,江苏,理科,本一,环境科学与工程类（含环境工程、环境科学）,368,359,361.67,-1,-1,-1,-1,-1,-1,-1,-1,-1,地理科学学院,-1
628,江苏,理科,本一,自然地理与资源环境,363,359,361.3,-1,-1,-1,-1,-1,-1,-1,-1,-1,地理科学学院,-1
629,江苏,理科,本一,旅游管理,362,360,360.86,-1,-1,-1,-1,-1,-1,-1,-1,-1,地理科学学院,-1
630,江苏,理科,提前,环境科学与工程类（含环境工程、环境科学）,361,348,352.25,-1,-1,-1,-1,-1,-1,-1,-1,-1,地理科学学院,-1
631,江苏,文科,本一,网络与新媒体,373,365,367.33,-1,-1,-1,-1,-1,-1,-1,-1,-1,新闻与传播学院,-1
632,江苏,文科,本一,新闻学,371,365,365.83,-1,-1,-1,-1,-1,-1,-1,-1,-1,新闻与传播学院,-1
633,江苏,文科,本一,广告学,364,362,363,-1,-1,-1,-1,-1,-1,-1,-1,-1,新闻与传播学院,-1
634,江苏,文科,本一,广播电视学,366,360,362.67,-1,-1,-1,-1,-1,-1,-1,-1,-1,新闻与传播学院,-1
635,江苏,文科,提前,广告学,358,345,351.5,-1,-1,-1,-1,-1,-1,-1,-1,-1,新闻与传播学院,-1
636,江苏,理科,本一,新闻学,374,365,367,-1,-1,-1,-1,-1,-1,-1,-1,-1,新闻与传播学院,-1
637,江苏,理科,本一,网络与新媒体,365,364,364.67,-1,-1,-1,-1,-1,-1,-1,-1,-1,新闻与传播学院,-1
638,江苏,理科,本一,广播电视学,365,364,364.5,-1,-1,-1,-1,-1,-1,-1,-1,-1,新闻与传播学院,-1
639,江苏,理科,本一,广告学,366,362,364,-1,-1,-1,-1,-1,-1,-1,-1,-1,新闻与传播学院,-1
640,江苏,文科,本一,会计学,368,366,367,-1,-1,-1,-1,-1,-1,-1,-1,-1,金陵女子学院,-1
641,江苏,文科,本一,财务管理,367,365,365.6,-1,-1,-1,-1,-1,-1,-1,-1,-1,金陵女子学院,-1
642,江苏,文科,本一,英语,364,358,361.43,-1,-1,-1,-1,-1,-1,-1,-1,-1,金陵女子学院,-1
643,江苏,文科,本一,劳动与社会保障,363,359,361.21,-1,-1,-1,-1,-1,-1,-1,-1,-1,金陵女子学院,-1
644,江苏,理科,本一,会计学,373,367,368.55,-1,-1,-1,-1,-1,-1,-1,-1,-1,金陵女子学院,-1
645,江苏,理科,本一,财务管理,367,363,365.11,-1,-1,-1,-1,-1,-1,-1,-1,-1,金陵女子学院,-1
646,江苏,理科,本一,英语,372,360,364.17,-1,-1,-1,-1,-1,-1,-1,-1,-1,金陵女子学院,-1
647,江苏,理科,本一,劳动与社会保障,363,360,361.67,-1,-1,-1,-1,-1,-1,-1,-1,-1,金陵女子学院,-1
648,江苏,理科,本一,食品科学与工程,362,360,361.1,-1,-1,-1,-1,-1,-1,-1,-1,-1,金陵女子学院,-1
649,江苏,理科,提前,食品科学与工程,348,346,346.67,-1,-1,-1,-1,-1,-1,-1,-1,-1,金陵女子学院,-1
650,江苏,理科,本一,电气工程及其自动化,374,363,365.69,-1,-1,-1,-1,-1,-1,-1,-1,-1,电气与自动化工程学院,-1
651,江苏,理科,本一,自动化,364,361,362.19,-1,-1,-1,-1,-1,-1,-1,-1,-1,电气与自动化工程学院,-1
652,江苏,理科,提前,电气工程及其自动化,359,356,357.75,-1,-1,-1,-1,-1,-1,-1,-1,-1,电气与自动化工程学院,-1
653,江苏,理科,提前,自动化,354,350,352.25,-1,-1,-1,-1,-1,-1,-1,-1,-1,电气与自动化工程学院,-1
654,江苏,理科,本一,电气工程及其自动化（中英合作办学）,363,344,347.61,-1,-1,-1,-1,-1,-1,-1,-1,-1,电气与自动化工程学院,-1
655,江苏,理科,本一,机械工程,368,360,362.67,-1,-1,-1,-1,-1,-1,-1,-1,-1,能源与机械工程学院,-1
656,江苏,理科,本一,能源与环境系统工程,371,360,362.4,-1,-1,-1,-1,-1,-1,-1,-1,-1,能源与机械工程学院,-1
657,江苏,理科,本一,能源与动力工程,365,360,361.81,-1,-1,-1,-1,-1,-1,-1,-1,-1,能源与机械工程学院,-1
658,江苏,理科,本一,建筑环境与能源应用工程,362,361,361.6,-1,-1,-1,-1,-1,-1,-1,-1,-1,能源与机械工程学院,-1
659,江苏,理科,提前,机械工程,361,350,353.25,-1,-1,-1,-1,-1,-1,-1,-1,-1,能源与机械工程学院,-1
660,江苏,理科,提前,能源与动力工程,352,348,350,-1,-1,-1,-1,-1,-1,-1,-1,-1,能源与机械工程学院,-1
661,江苏,文科,本一,汉语国际教育,373,361,363.4,-1,-1,-1,-1,-1,-1,-1,-1,-1,国际文化教育学院,-1
662,江苏,理科,本一,汉语国际教育,368,360,363.4,-1,-1,-1,-1,-1,-1,-1,-1,-1,国际文化教育学院,-1
663,江苏,文科,本一,英语（师范）,377,368,371.38,-1,-1,-1,-1,-1,-1,-1,-1,-1,教师教育学院,-1
664,江苏,文科,本一,汉语言文学（师范）,374,366,368.48,-1,-1,-1,-1,-1,-1,-1,-1,-1,教师教育学院,-1
665,江苏,文科,本一,历史学（师范）,366,363,364.07,-1,-1,-1,-1,-1,-1,-1,-1,-1,教师教育学院,-1
666,江苏,文科,本一,地理科学（师范）,366,362,363.8,-1,-1,-1,-1,-1,-1,-1,-1,-1,教师教育学院,-1
667,江苏,文科,本一,思想政治教育（师范）,366,360,361.47,-1,-1,-1,-1,-1,-1,-1,-1,-1,教师教育学院,-1
668,江苏,理科,本一,英语（师范）,383,372,375.5,-1,-1,-1,-1,-1,-1,-1,-1,-1,教师教育学院,-1
669,江苏,理科,本一,数学与应用数学（师范）,382,370,373.58,-1,-1,-1,-1,-1,-1,-1,-1,-1,教师教育学院,-1
670,江苏,理科,本一,物理学（师范）,371,366,367.89,-1,-1,-1,-1,-1,-1,-1,-1,-1,教师教育学院,-1
671,江苏,理科,本一,化学（师范）,374,366,367.23,-1,-1,-1,-1,-1,-1,-1,-1,-1,教师教育学院,-1
672,江苏,理科,本一,生物科学（师范）,370,364,365.92,-1,-1,-1,-1,-1,-1,-1,-1,-1,教师教育学院,-1
673,江苏,理科,本一,地理科学（师范）,373,363,365.2,-1,-1,-1,-1,-1,-1,-1,-1,-1,教师教育学院,-1
674,江苏,理科,本一,计算机科学与技术（师范）,365,361,362.25,-1,-1,-1,-1,-1,-1,-1,-1,-1,教师教育学院,-1
675,江苏,艺术,提前,播音与主持艺术,592,514,540.1,-1,-1,-1,-1,-1,-1,-1,-1,-1,文学院,综合分
676,江苏,艺术,提前,舞蹈学,249,221,236.47,-1,-1,-1,-1,-1,-1,-1,-1,-1,音乐学院,专业分
677,江苏,艺术,提前,音乐学（师范）,232,212,217.98,-1,-1,-1,-1,-1,-1,-1,-1,-1,音乐学院,专业分
678,江苏,艺术,提前,音乐学（师范）（实验班）,231,210,215.81,-1,-1,-1,-1,-1,-1,-1,-1,-1,音乐学院,专业分
679,江苏,艺术,提前,音乐表演,208,199,203.4,-1,-1,-1,-1,-1,-1,-1,-1,-1,音乐学院,专业分
680,江苏,艺术,提前,产品设计,568,544,557,-1,-1,-1,-1,-1,-1,-1,-1,-1,美术学院,综合分
681,江苏,艺术,提前,绘画（师范）,574,545,550.51,-1,-1,-1,-1,-1,-1,-1,-1,-1,美术学院,综合分
682,江苏,艺术,提前,设计学类,560,545,550.43,-1,-1,-1,-1,-1,-1,-1,-1,-1,美术学院,综合分
683,江苏,艺术,提前,动画,559,544,547.1,-1,-1,-1,-1,-1,-1,-1,-1,-1,美术学院,综合分
684,江苏,艺术,提前,摄影,567,507,537.27,-1,-1,-1,-1,-1,-1,-1,-1,-1,美术学院,综合分
685,江苏,艺术,提前,服装与服饰设计,264,261,263,-1,-1,-1,-1,-1,-1,-1,-1,-1,美术学院,专业分
686,江苏,艺术,提前,广播电视编导,543,480,509.83,-1,-1,-1,-1,-1,-1,-1,-1,-1,新闻与传播学院,综合分
687,江苏,体育,提前,体育教育,148,114,128.42,-1,-1,-1,-1,-1,-1,-1,-1,-1,体育科学学院,专业分
688,江苏,体育,提前,社会体育指导与管理,137,110,118.63,-1,-1,-1,-1,-1,-1,-1,-1,-1,体育科学学院,专业分
689,北京,文科,本一,-1,622,616,618,-1,-1,-1,-1,-1,-1,-1,33,-1,-1,-1
690,天津,文科,本一,-1,594,583,586,-1,-1,-1,-1,-1,-1,-1,51,-1,-1,-1
691,天津,理科,本一,-1,590,572,577,-1,-1,-1,-1,-1,-1,-1,60,-1,-1,-1
692,河北,文科,本一,-1,619,609,613,-1,-1,-1,-1,-1,-1,-1,74,-1,-1,-1
693,河北,理科,本一,-1,629,612,617,-1,-1,-1,-1,-1,-1,-1,87,-1,-1,-1
694,山西,文科,本一,-1,564,553,556,-1,-1,-1,-1,-1,-1,-1,35,-1,-1,-1
695,山西,理科,本一,-1,581,566,570,-1,-1,-1,-1,-1,-1,-1,47,-1,-1,-1
696,内蒙古,文科,本一,-1,569,534,558,-1,-1,-1,-1,-1,-1,-1,57,-1,-1,-1
697,内蒙古,理科,本一,-1,602,541,576,-1,-1,-1,-1,-1,-1,-1,57,-1,-1,-1
698,辽宁,文科,本一,-1,590,579,584,-1,-1,-1,-1,-1,-1,-1,54,-1,-1,-1
699,辽宁,理科,本一,-1,606,583,588,-1,-1,-1,-1,-1,-1,-1,85,-1,-1,-1
700,吉林,理科,本一,-1,591,574,580,-1,-1,-1,-1,-1,-1,-1,44,-1,-1,-1
701,黑龙江,理科,本一,-1,593,585,588,-1,-1,-1,-1,-1,-1,-1,99,-1,-1,-1
702,上海,文科,本一,-1,468,455,458,-1,-1,-1,-1,-1,-1,-1,87,-1,-1,-1
703,上海,理科,本一,-1,456,442,447,-1,-1,-1,-1,-1,-1,-1,82,-1,-1,-1
704,浙江,文科,本一,-1,662,650,654,-1,-1,-1,-1,-1,-1,-1,47,-1,-1,-1
705,浙江,理科,本一,-1,677,643,656,-1,-1,-1,-1,-1,-1,-1,43,-1,-1,-1
706,安徽,文科,本一,-1,598,587,591,-1,-1,-1,-1,-1,-1,-1,66,-1,-1,-1
707,安徽,理科,本一,-1,619,596,602,-1,-1,-1,-1,-1,-1,-1,78,-1,-1,-1
708,福建,文科,本一,-1,572,557,563,-1,-1,-1,-1,-1,-1,-1,56,-1,-1,-1
709,福建,理科,本一,-1,589,568,575,-1,-1,-1,-1,-1,-1,-1,103,-1,-1,-1
710,江西,文科,本一,-1,570,563,565,-1,-1,-1,-1,-1,-1,-1,40,-1,-1,-1
711,江西,理科,本一,-1,603,577,582,-1,-1,-1,-1,-1,-1,-1,48,-1,-1,-1
712,山东,文科,本一,-1,597,585,589,-1,-1,-1,-1,-1,-1,-1,55,-1,-1,-1
713,山东,理科,本一,-1,630,617,621,-1,-1,-1,-1,-1,-1,-1,80,-1,-1,-1
714,河南,文科,本一,-1,586,575,577,-1,-1,-1,-1,-1,-1,-1,58,-1,-1,-1
715,河南,理科,本一,-1,610,592,596,-1,-1,-1,-1,-1,-1,-1,69,-1,-1,-1
716,湖北,理科,本一,-1,609,589,593,-1,-1,-1,-1,-1,-1,-1,77,-1,-1,-1
717,湖南,文科,本一,-1,596,581,584,-1,-1,-1,-1,-1,-1,-1,51,-1,-1,-1
718,湖南,理科,本一,-1,600,579,584,-1,-1,-1,-1,-1,-1,-1,62,-1,-1,-1
719,广东,理科,本一,-1,552,549,550,-1,-1,-1,-1,-1,-1,-1,41,-1,-1,-1
720,广西,文科,本一,-1,596,590,592,-1,-1,-1,-1,-1,-1,-1,45,-1,-1,-1
721,广西,理科,本一,-1,580,560,566,-1,-1,-1,-1,-1,-1,-1,58,-1,-1,-1
722,重庆,文科,本一,-1,592,575,579,-1,-1,-1,-1,-1,-1,-1,48,-1,-1,-1
723,重庆,理科,本一,-1,607,592,597,-1,-1,-1,-1,-1,-1,-1,67,-1,-1,-1
724,四川,文科,本一,-1,600,583,588,-1,-1,-1,-1,-1,-1,-1,43,-1,-1,-1
725,四川,理科,本一,-1,607,596,599,-1,-1,-1,-1,-1,-1,-1,64,-1,-1,-1
726,贵州,文科,本一,-1,633,607,612,-1,-1,-1,-1,-1,-1,-1,56,-1,-1,-1
727,贵州,理科,本一,-1,587,555,561,-1,-1,-1,-1,-1,-1,-1,82,-1,-1,-1
728,云南,理科,本一,-1,593,565,577,-1,-1,-1,-1,-1,-1,-1,40,-1,-1,-1
729,陕西,文科,本一,-1,596,571,581,-1,-1,-1,-1,-1,-1,-1,60,-1,-1,-1
730,陕西,理科,本一,-1,597,558,567,-1,-1,-1,-1,-1,-1,-1,88,-1,-1,-1
731,甘肃,文科,本一,-1,577,546,553,-1,-1,-1,-1,-1,-1,-1,42,-1,-1,-1
732,甘肃,理科,本一,-1,566,542,547,-1,-1,-1,-1,-1,-1,-1,52,-1,-1,-1
733,青海,文科,本一,-1,511,503,507,-1,-1,-1,-1,-1,-1,-1,46,-1,-1,-1
734,青海,理科,本一,-1,506,437,462,-1,-1,-1,-1,-1,-1,-1,21,-1,-1,-1
735,新疆,文科,本一,-1,566,549,557,-1,-1,-1,-1,-1,-1,-1,62,-1,-1,-1
736,新疆,理科,本一,-1,590,533,543,-1,-1,-1,-1,-1,-1,-1,69,-1,-1,-1
737,安徽,中英联合办学理科,本一,-1,566,554,558,-1,-1,-1,-1,-1,-1,-1,36,-1,-1,-1
738,河北,理科,国家专项,-1,613,601,605,-1,-1,-1,-1,-1,-1,-1,76,-1,-1,-1
739,山西,理科,国家专项,-1,551,551,551,-1,-1,-1,-1,-1,-1,-1,32,-1,-1,-1
740,内蒙古,理科,国家专项,-1,605,575,586,-1,-1,-1,-1,-1,-1,-1,91,-1,-1,-1
741,吉林,理科,国家专项,-1,578,576,577,-1,-1,-1,-1,-1,-1,-1,46,-1,-1,-1
742,黑龙江,理科,国家专项,-1,574,534,546,-1,-1,-1,-1,-1,-1,-1,48,-1,-1,-1
743,安徽,文科,国家专项,-1,562,562,562,-1,-1,-1,-1,-1,-1,-1,41,-1,-1,-1
744,安徽,理科,国家专项,-1,594,587,591,-1,-1,-1,-1,-1,-1,-1,69,-1,-1,-1
745,江西,文科,国家专项,-1,560,553,556,-1,-1,-1,-1,-1,-1,-1,30,-1,-1,-1
746,江西,理科,国家专项,-1,582,568,573,-1,-1,-1,-1,-1,-1,-1,39,-1,-1,-1
747,河南,文科,国家专项,-1,558,522,542,-1,-1,-1,-1,-1,-1,-1,5,-1,-1,-1
748,河南,理科,国家专项,-1,579,567,573,-1,-1,-1,-1,-1,-1,-1,44,-1,-1,-1
749,湖北,理科,国家专项,-1,585,575,580,-1,-1,-1,-1,-1,-1,-1,63,-1,-1,-1
750,湖南,文科,国家专项,-1,583,572,576,-1,-1,-1,-1,-1,-1,-1,42,-1,-1,-1
751,湖南,理科,国家专项,-1,575,564,568,-1,-1,-1,-1,-1,-1,-1,47,-1,-1,-1
752,广西,文科,国家专项,-1,569,563,566,-1,-1,-1,-1,-1,-1,-1,18,-1,-1,-1
753,广西,理科,国家专项,-1,521,503,513,-1,-1,-1,-1,-1,-1,-1,1,-1,-1,-1
754,重庆,文科,国家专项,-1,567,554,559,-1,-1,-1,-1,-1,-1,-1,27,-1,-1,-1
755,重庆,理科,国家专项,-1,579,545,554,-1,-1,-1,-1,-1,-1,-1,20,-1,-1,-1
756,四川,理科,国家专项,-1,581,571,575,-1,-1,-1,-1,-1,-1,-1,39,-1,-1,-1
757,贵州,文科,国家专项,-1,602,596,599,-1,-1,-1,-1,-1,-1,-1,45,-1,-1,-1
758,贵州,理科,国家专项,-1,557,548,551,-1,-1,-1,-1,-1,-1,-1,75,-1,-1,-1
759,陕西,理科,国家专项,-1,546,523,530,-1,-1,-1,-1,-1,-1,-1,53,-1,-1,-1
760,甘肃,文科,国家专项,-1,539,518,528,-1,-1,-1,-1,-1,-1,-1,14,-1,-1,-1
761,甘肃,理科,国家专项,-1,545,516,524,-1,-1,-1,-1,-1,-1,-1,26,-1,-1,-1
762,青海,理科,国家专项,-1,502,435,457,-1,-1,-1,-1,-1,-1,-1,19,-1,-1,-1
763,新疆,文科,国家专项,-1,508,508,508,-1,-1,-1,-1,-1,-1,-1,21,-1,-1,-1
764,新疆,理科,国家专项,-1,487,464,473,-1,-1,-1,-1,-1,-1,-1,0,-1,-1,-1
765,辽宁,体育,-1,体育教育（师范）,85.8,83.3,84.55,-1,-1,-1,-1,-1,-1,-1,-1,-1,-1,专业分
766,辽宁,体育,-1,社会体育指导与管理,96,92.6,94.3,-1,-1,-1,-1,-1,-1,-1,-1,-1,-1,专业分
767,吉林,体育,-1,体育教育（师范）,79.79,74.77,77.28,-1,-1,-1,-1,-1,-1,-1,-1,-1,-1,专业分
768,吉林,体育,-1,社会体育指导与管理,73.65,72.68,73.17,-1,-1,-1,-1,-1,-1,-1,-1,-1,-1,专业分
769,浙江,体育,-1,体育教育（师范）,92,86,89.38,-1,-1,-1,-1,-1,-1,-1,-1,-1,-1,专业分
770,浙江,体育,-1,社会体育指导与管理,91,81,85.17,-1,-1,-1,-1,-1,-1,-1,-1,-1,-1,专业分
771,安徽,体育,-1,体育教育（师范）,98,92,95,-1,-1,-1,-1,-1,-1,-1,-1,-1,-1,专业分
772,安徽,体育,-1,社会体育指导与管理,96,91,93.5,-1,-1,-1,-1,-1,-1,-1,-1,-1,-1,专业分
773,山东,体育,-1,体育教育（师范）,97.3,92.36,94.82,-1,-1,-1,-1,-1,-1,-1,-1,-1,-1,专业分
774,山东,体育,-1,社会体育指导与管理,89.35,79.14,83.79,-1,-1,-1,-1,-1,-1,-1,-1,-1,-1,专业分
775,河南,体育,-1,体育教育（师范）,134,117,125.5,-1,-1,-1,-1,-1,-1,-1,-1,-1,-1,专业分
776,河南,体育,-1,社会体育指导与管理,134,127,130.5,-1,-1,-1,-1,-1,-1,-1,-1,-1,-1,专业分
777,北京,艺术,-1,舞蹈学,239,231,235.67,-1,-1,-1,-1,-1,-1,-1,-1,-1,-1,专业分
778,山西,艺术,-1,美术学类,68.85,66.4,67.5,-1,-1,-1,-1,-1,-1,-1,-1,-1,-1,综合分
779,山西,艺术,-1,设计学类,69.89,65.73,67.85,-1,-1,-1,-1,-1,-1,-1,-1,-1,-1,综合分
780,山西,艺术,-1,动画,67.44,67.44,67.44,-1,-1,-1,-1,-1,-1,-1,-1,-1,-1,综合分
781,内蒙古,艺术,-1,美术学类,64.53,62.83,63.64,-1,-1,-1,-1,-1,-1,-1,-1,-1,-1,综合分
782,内蒙古,艺术,-1,设计学类,65.73,63.87,64.74,-1,-1,-1,-1,-1,-1,-1,-1,-1,-1,综合分
783,内蒙古,艺术,-1,动画,61.63,61.63,61.63,-1,-1,-1,-1,-1,-1,-1,-1,-1,-1,综合分
784,辽宁,艺术,-1,美术学类,71.07,71.07,71.07,-1,-1,-1,-1,-1,-1,-1,-1,-1,-1,综合分
785,辽宁,艺术,-1,设计学类,63.04,63.04,63.04,-1,-1,-1,-1,-1,-1,-1,-1,-1,-1,综合分
786,辽宁,艺术,-1,动画,66.72,66.72,66.72,-1,-1,-1,-1,-1,-1,-1,-1,-1,-1,综合分
787,吉林,艺术,-1,美术学类,67.55,67.55,67.55,-1,-1,-1,-1,-1,-1,-1,-1,-1,-1,综合分
788,黑龙江,艺术,-1,美术学类,69.23,60.67,64.95,-1,-1,-1,-1,-1,-1,-1,-1,-1,-1,综合分
789,黑龙江,艺术,-1,设计学类,69.09,64.37,66.73,-1,-1,-1,-1,-1,-1,-1,-1,-1,-1,综合分
790,浙江,艺术,-1,广播电视编导,619,616,616.75,-1,-1,-1,-1,-1,-1,-1,-1,-1,-1,综合分
791,浙江,艺术,-1,播音与主持艺术,819,819,819,-1,-1,-1,-1,-1,-1,-1,-1,-1,-1,综合分
792,浙江,艺术,-1,美术学类,73.71,72.27,72.99,-1,-1,-1,-1,-1,-1,-1,-1,-1,-1,综合分
793,浙江,艺术,-1,设计学类,73.84,72.19,73.02,-1,-1,-1,-1,-1,-1,-1,-1,-1,-1,综合分
794,浙江,艺术,-1,动画,70.59,69.09,69.84,-1,-1,-1,-1,-1,-1,-1,-1,-1,-1,综合分
795,浙江,艺术,-1,音乐学（师范）,86,81,82.33,-1,-1,-1,-1,-1,-1,-1,-1,-1,-1,专业分
796,安徽,艺术,-1,播音与主持艺术,759,717,735,-1,-1,-1,-1,-1,-1,-1,-1,-1,-1,综合分
797,安徽,艺术,-1,美术学类,69.95,65.01,67.28,-1,-1,-1,-1,-1,-1,-1,-1,-1,-1,综合分
798,安徽,艺术,-1,设计学类,74.51,65.15,68.34,-1,-1,-1,-1,-1,-1,-1,-1,-1,-1,综合分
799,安徽,艺术,-1,动画,68.37,64.75,66.01,-1,-1,-1,-1,-1,-1,-1,-1,-1,-1,综合分
800,安徽,艺术,-1,音乐学（师范）,182.03,168.13,172.72,-1,-1,-1,-1,-1,-1,-1,-1,-1,-1,专业分
801,福建,艺术,-1,美术学类,68.83,65.07,66.35,-1,-1,-1,-1,-1,-1,-1,-1,-1,-1,综合分
802,福建,艺术,-1,设计学类,72.69,56.48,66.05,-1,-1,-1,-1,-1,-1,-1,-1,-1,-1,综合分
803,福建,艺术,-1,动画,63.28,63.28,63.28,-1,-1,-1,-1,-1,-1,-1,-1,-1,-1,综合分
804,江西,艺术,-1,舞蹈学,233,233,233,-1,-1,-1,-1,-1,-1,-1,-1,-1,-1,专业分
805,山东,艺术,-1,播音与主持艺术,839,619,748.83,-1,-1,-1,-1,-1,-1,-1,-1,-1,-1,综合分
806,山东,艺术,-1,舞蹈学,241,241,241,-1,-1,-1,-1,-1,-1,-1,-1,-1,-1,专业分
807,山东,艺术,-1,服装与服饰设计,248,231,237.57,-1,-1,-1,-1,-1,-1,-1,-1,-1,-1,专业分
808,山东,艺术,-1,美术学类,72.19,67.81,70,-1,-1,-1,-1,-1,-1,-1,-1,-1,-1,综合分
809,山东,艺术,-1,设计学类,73.6,64.99,69.3,-1,-1,-1,-1,-1,-1,-1,-1,-1,-1,综合分
810,山东,艺术,-1,动画,63.09,63.09,63.09,-1,-1,-1,-1,-1,-1,-1,-1,-1,-1,综合分
811,河南,艺术,-1,美术学类,68.59,66.99,67.77,-1,-1,-1,-1,-1,-1,-1,-1,-1,-1,综合分
812,河南,艺术,-1,设计学类,71.65,68.03,69.59,-1,-1,-1,-1,-1,-1,-1,-1,-1,-1,综合分
813,河南,艺术,-1,动画,66.56,66.56,66.56,-1,-1,-1,-1,-1,-1,-1,-1,-1,-1,综合分
814,湖北,艺术,-1,音乐学（师范）,257.67,233,246,-1,-1,-1,-1,-1,-1,-1,-1,-1,-1,专业分
815,湖南,艺术,-1,广播电视编导,771,687,738,-1,-1,-1,-1,-1,-1,-1,-1,-1,-1,综合分
816,湖南,艺术,-1,舞蹈学,253,253,253,-1,-1,-1,-1,-1,-1,-1,-1,-1,-1,专业分
817,湖南,艺术,-1,美术学类,64.37,61.92,63.07,-1,-1,-1,-1,-1,-1,-1,-1,-1,-1,综合分
818,湖南,艺术,-1,设计学类,75.36,62.37,70.95,-1,-1,-1,-1,-1,-1,-1,-1,-1,-1,综合分
819,湖南,艺术,-1,动画,63.57,63.57,63.57,-1,-1,-1,-1,-1,-1,-1,-1,-1,-1,综合分
820,湖南,艺术,-1,音乐学（师范）,250,244,245.83,-1,-1,-1,-1,-1,-1,-1,-1,-1,-1,专业分
821,广东,艺术,-1,音乐学（师范）,233,225,227.83,-1,-1,-1,-1,-1,-1,-1,-1,-1,-1,专业分
822,广西,艺术,-1,美术学类,69.84,68.24,69.3,-1,-1,-1,-1,-1,-1,-1,-1,-1,-1,综合分
823,广西,艺术,-1,设计学类,71.81,70.99,71.52,-1,-1,-1,-1,-1,-1,-1,-1,-1,-1,综合分
824,广西,艺术,-1,动画,62.35,62.35,62.35,-1,-1,-1,-1,-1,-1,-1,-1,-1,-1,综合分
825,海南,艺术,-1,舞蹈学,238,225,233.8,-1,-1,-1,-1,-1,-1,-1,-1,-1,-1,专业分
826,云南,艺术,-1,美术学类,67.12,67.12,67.12,-1,-1,-1,-1,-1,-1,-1,-1,-1,-1,综合分
827,云南,艺术,-1,设计学类,71.85,67.5,69.68,-1,-1,-1,-1,-1,-1,-1,-1,-1,-1,综合分
828,甘肃,艺术,-1,美术学类,68.48,63.44,65.96,-1,-1,-1,-1,-1,-1,-1,-1,-1,-1,综合分
829,甘肃,艺术,-1,设计学类,70.32,68.56,69.44,-1,-1,-1,-1,-1,-1,-1,-1,-1,-1,综合分
830,江苏,文科,本一,古典文献学,376,373,374.5,-1,-1,-1,-1,-1,-1,-1,-1,-1,文学院（国家文科基地）,-1
831,江苏,文科,本一,汉语言,380,373,374.6,-1,-1,-1,-1,-1,-1,-1,-1,-1,文学院（国家文科基地）,-1
832,江苏,理科,本一,汉语言,383,378,379.6,-1,-1,-1,-1,-1,-1,-1,-1,-1,文学院（国家文科基地）,-1
833,江苏,文科,本一,汉语言文学,380,377,377.9,-1,-1,-1,-1,-1,-1,-1,-1,-1,文学院（国家文科基地）,-1
834,江苏,文科,本一,汉语言文学（基地班）,386,380,381.6,-1,-1,-1,-1,-1,-1,-1,-1,-1,文学院（国家文科基地）,-1
835,江苏,文科,本一,秘书学,377,372,374.15,-1,-1,-1,-1,-1,-1,-1,-1,-1,文学院（国家文科基地）,-1
836,江苏,文科,本一,历史学,376,375,375.33,-1,-1,-1,-1,-1,-1,-1,-1,-1,社会发展学院,-1
837,江苏,文科,本一,社会学类（含社会学、社会工作）,380,373,374.7,-1,-1,-1,-1,-1,-1,-1,-1,-1,社会发展学院,-1
838,江苏,理科,本一,社会学类（含社会学、社会工作）,378,372,374.4,-1,-1,-1,-1,-1,-1,-1,-1,-1,社会发展学院,-1
839,江苏,文科,本一,文化产业管理,377,374,375,-1,-1,-1,-1,-1,-1,-1,-1,-1,社会发展学院,-1
840,江苏,理科,本一,文化产业管理,374,371,372.25,-1,-1,-1,-1,-1,-1,-1,-1,-1,社会发展学院,-1
841,江苏,文科,本一,文物与博物馆学,379,372,374.63,-1,-1,-1,-1,-1,-1,-1,-1,-1,社会发展学院,-1
842,江苏,文科,本一,法学,384,377,379.81,-1,-1,-1,-1,-1,-1,-1,-1,-1,法学院,-1
843,江苏,理科,本一,法学,383,375,377.18,-1,-1,-1,-1,-1,-1,-1,-1,-1,法学院,-1
844,江苏,文科,本一,公共管理类（含公共事业管理、行政管理）,377,372,373.9,-1,-1,-1,-1,-1,-1,-1,-1,-1,公共管理学院,-1
845,江苏,理科,本一,公共管理类（含公共事业管理、行政管理）,374,371,372.33,-1,-1,-1,-1,-1,-1,-1,-1,-1,公共管理学院,-1
846,江苏,文科,本一,思想政治教育,375,373,374.09,-1,-1,-1,-1,-1,-1,-1,-1,-1,马克思主义学院,-1
847,江苏,文科,本一,工商管理,376,375,375.3,-1,-1,-1,-1,-1,-1,-1,-1,-1,商学院,-1
848,江苏,理科,本一,工商管理,377,374,375.42,-1,-1,-1,-1,-1,-1,-1,-1,-1,商学院,-1
849,江苏,文科,本一,国际经济与贸易,377,376,376.38,-1,-1,-1,-1,-1,-1,-1,-1,-1,商学院,-1
850,江苏,理科,本一,国际经济与贸易,378,375,376.42,-1,-1,-1,-1,-1,-1,-1,-1,-1,商学院,-1
851,江苏,文科,本一,金融学,389,378,380.83,-1,-1,-1,-1,-1,-1,-1,-1,-1,商学院,-1
852,江苏,理科,本一,金融学,384,378,380.04,-1,-1,-1,-1,-1,-1,-1,-1,-1,商学院,-1
853,江苏,文科,本一,经济学,378,377,377.4,-1,-1,-1,-1,-1,-1,-1,-1,-1,商学院,-1
854,江苏,理科,本一,经济学,386,376,377.87,-1,-1,-1,-1,-1,-1,-1,-1,-1,商学院,-1
855,江苏,文科,本一,人力资源管理,375,375,375,-1,-1,-1,-1,-1,-1,-1,-1,-1,商学院,-1
856,江苏,理科,本一,人力资源管理,381,373,374.25,-1,-1,-1,-1,-1,-1,-1,-1,-1,商学院,-1
857,江苏,文科,本一,市场营销,375,372,373.67,-1,-1,-1,-1,-1,-1,-1,-1,-1,商学院,-1
858,江苏,理科,本一,市场营销,376,370,372.71,-1,-1,-1,-1,-1,-1,-1,-1,-1,商学院,-1
859,江苏,理科,本一,教育技术学（师范）,377,373,374,-1,-1,-1,-1,-1,-1,-1,-1,-1,教育科学学院,-1
860,江苏,文科,本一,教育学（师范）,380,374,375.7,-1,-1,-1,-1,-1,-1,-1,-1,-1,教育科学学院,-1
861,江苏,文科,本一,小学教育（师范）,383,374,376.38,-1,-1,-1,-1,-1,-1,-1,-1,-1,教育科学学院,-1
862,江苏,文科,本一,学前教育（师范）,385,373,375.45,-1,-1,-1,-1,-1,-1,-1,-1,-1,教育科学学院,-1
863,江苏,文科,本一,应用心理学,383,376,379.11,-1,-1,-1,-1,-1,-1,-1,-1,-1,心理学院,-1
864,江苏,理科,本一,应用心理学,385,376,378.43,-1,-1,-1,-1,-1,-1,-1,-1,-1,心理学院,-1
865,江苏,文科,本一,翻译,385,375,377.82,-1,-1,-1,-1,-1,-1,-1,-1,-1,外国语学院,-1
866,江苏,理科,本一,翻译,386,378,380.86,-1,-1,-1,-1,-1,-1,-1,-1,-1,外国语学院,-1
867,江苏,文科,本一,外国语言文学类,385,376,378.91,-1,-1,-1,-1,-1,-1,-1,-1,-1,外国语学院,-1
868,江苏,理科,本一,外国语言文学类,385,377,380.31,-1,-1,-1,-1,-1,-1,-1,-1,-1,外国语学院,-1
869,江苏,文科,本一,英语,385,377,378.8,-1,-1,-1,-1,-1,-1,-1,-1,-1,外国语学院,-1
870,江苏,理科,本一,英语,381,378,379.5,-1,-1,-1,-1,-1,-1,-1,-1,-1,外国语学院,-1
871,江苏,理科,本一,金融数学,379,376,377.33,-1,-1,-1,-1,-1,-1,-1,-1,-1,数学科学学院,-1
872,江苏,理科,本一,数学与应用数学（基地班）,384,377,379.69,-1,-1,-1,-1,-1,-1,-1,-1,-1,数学科学学院,-1
873,江苏,理科,本一,统计学,379,374,375.17,-1,-1,-1,-1,-1,-1,-1,-1,-1,数学科学学院,-1
874,江苏,理科,本一,信息与计算科学,380,373,374.42,-1,-1,-1,-1,-1,-1,-1,-1,-1,数学科学学院,-1
875,江苏,理科,本一,计算机科学与技术,379,375,376.2,-1,-1,-1,-1,-1,-1,-1,-1,-1,计算机科学与技术学院,-1
876,江苏,理科,本一,软件工程（嵌入式培养）,377,373,374.4,-1,-1,-1,-1,-1,-1,-1,-1,-1,计算机科学与技术学院,-1
877,江苏,理科,本一,信息管理与信息系统,374,371,372.38,-1,-1,-1,-1,-1,-1,-1,-1,-1,计算机科学与技术学院,-1
878,江苏,理科,本一,电子信息工程,379,372,374.4,-1,-1,-1,-1,-1,-1,-1,-1,-1,物理科学与技术学院,-1
879,江苏,理科,本一,光电信息科学与工程,374,370,371.54,-1,-1,-1,-1,-1,-1,-1,-1,-1,物理科学与技术学院,-1
880,江苏,理科,本一,通信工程,379,373,374.56,-1,-1,-1,-1,-1,-1,-1,-1,-1,物理科学与技术学院,-1
881,江苏,理科,本一,物理学,377,373,374.27,-1,-1,-1,-1,-1,-1,-1,-1,-1,物理科学与技术学院,-1
882,江苏,理科,本一,化学,379,370,373.85,-1,-1,-1,-1,-1,-1,-1,-1,-1,化学与材料科学学院,-1
883,江苏,理科,本一,应用化学,373,371,372,-1,-1,-1,-1,-1,-1,-1,-1,-1,化学与材料科学学院,-1
884,江苏,理科,本一,生物工程,375,371,372,-1,-1,-1,-1,-1,-1,-1,-1,-1,生命科学学院（国家理科基地）,-1
885,江苏,理科,本一,生物技术,378,371,372.79,-1,-1,-1,-1,-1,-1,-1,-1,-1,生命科学学院（国家理科基地）,-1
886,江苏,理科,本一,生物科学（基地班）,380,373,374.88,-1,-1,-1,-1,-1,-1,-1,-1,-1,生命科学学院（国家理科基地）,-1
887,江苏,理科,本一,测绘工程,377,370,371.6,-1,-1,-1,-1,-1,-1,-1,-1,-1,地理科学学院,-1
888,江苏,理科,本一,地理信息科学,384,377,378.65,-1,-1,-1,-1,-1,-1,-1,-1,-1,地理科学学院,-1
889,江苏,理科,本一,海洋资源开发技术,373,371,371.86,-1,-1,-1,-1,-1,-1,-1,-1,-1,地理科学学院,-1
890,江苏,文科,本一,旅游管理,375,372,373.4,-1,-1,-1,-1,-1,-1,-1,-1,-1,地理科学学院,-1
891,江苏,理科,本一,旅游管理,373,370,372,-1,-1,-1,-1,-1,-1,-1,-1,-1,地理科学学院,-1
892,江苏,文科,本一,人文地理与城乡规划,380,372,374.13,-1,-1,-1,-1,-1,-1,-1,-1,-1,地理科学学院,-1
893,江苏,理科,本一,人文地理与城乡规划,375,371,372.1,-1,-1,-1,-1,-1,-1,-1,-1,-1,地理科学学院,-1
894,江苏,理科,本一,自然地理与资源环境,379,370,372.36,-1,-1,-1,-1,-1,-1,-1,-1,-1,地理科学学院,-1
895,江苏,理科,本一,环境科学与工程类   （含环境工程、环境科学）,376,370,371.93,-1,-1,-1,-1,-1,-1,-1,-1,-1,环境学院,-1
896,江苏,文科,本一,广播电视学,376,372,373.88,-1,-1,-1,-1,-1,-1,-1,-1,-1,新闻与传播学院,-1
897,江苏,理科,本一,广播电视学,375,373,374.4,-1,-1,-1,-1,-1,-1,-1,-1,-1,新闻与传播学院,-1
898,江苏,文科,本一,广告学,376,373,374.5,-1,-1,-1,-1,-1,-1,-1,-1,-1,新闻与传播学院,-1
899,江苏,理科,本一,广告学,375,372,373.5,-1,-1,-1,-1,-1,-1,-1,-1,-1,新闻与传播学院,-1
900,江苏,文科,本一,网络与新媒体,381,376,377.17,-1,-1,-1,-1,-1,-1,-1,-1,-1,新闻与传播学院,-1
901,江苏,理科,本一,网络与新媒体,385,374,376.5,-1,-1,-1,-1,-1,-1,-1,-1,-1,新闻与传播学院,-1
902,江苏,文科,本一,新闻学,386,375,377.73,-1,-1,-1,-1,-1,-1,-1,-1,-1,新闻与传播学院,-1
903,江苏,理科,本一,新闻学,386,375,378,-1,-1,-1,-1,-1,-1,-1,-1,-1,新闻与传播学院,-1
904,江苏,文科,本一,财务管理,378,376,376.42,-1,-1,-1,-1,-1,-1,-1,-1,-1,金陵女子学院,-1
905,江苏,理科,本一,财务管理,375,373,374.26,-1,-1,-1,-1,-1,-1,-1,-1,-1,金陵女子学院,-1
906,江苏,文科,本一,会计学,392,378,380.5,-1,-1,-1,-1,-1,-1,-1,-1,-1,金陵女子学院,-1
907,江苏,理科,本一,会计学,382,375,377.63,-1,-1,-1,-1,-1,-1,-1,-1,-1,金陵女子学院,-1
908,江苏,文科,本一,劳动与社会保障,374,372,373.3,-1,-1,-1,-1,-1,-1,-1,-1,-1,金陵女子学院,-1
909,江苏,理科,本一,劳动与社会保障,372,371,371.5,-1,-1,-1,-1,-1,-1,-1,-1,-1,金陵女子学院,-1
910,江苏,理科,本一,食品科学与工程,377,370,372.5,-1,-1,-1,-1,-1,-1,-1,-1,-1,金陵女子学院,-1
911,江苏,文科,本一,英语,375,371,373.35,-1,-1,-1,-1,-1,-1,-1,-1,-1,金陵女子学院,-1
912,江苏,理科,本一,英语,380,375,377,-1,-1,-1,-1,-1,-1,-1,-1,-1,金陵女子学院,-1
913,江苏,理科,本一,电气工程及其自动化,379,372,374.21,-1,-1,-1,-1,-1,-1,-1,-1,-1,电气与自动化工程学院,-1
914,江苏,理科,本一,电气类（中外合作办学）（电气工程及其自动化）,368,354,357.71,-1,-1,-1,-1,-1,-1,-1,-1,-1,电气与自动化工程学院,-1
915,江苏,理科,本一,自动化,375,371,371.93,-1,-1,-1,-1,-1,-1,-1,-1,-1,电气与自动化工程学院,-1
916,江苏,理科,本一,机械工程,374,370,371.5,-1,-1,-1,-1,-1,-1,-1,-1,-1,能源与机械工程学院,-1
917,江苏,理科,本一,建筑环境与能源应用工程,378,370,372.27,-1,-1,-1,-1,-1,-1,-1,-1,-1,能源与机械工程学院,-1
918,江苏,理科,本一,能源与动力工程,378,370,371.65,-1,-1,-1,-1,-1,-1,-1,-1,-1,能源与机械工程学院,-1
919,江苏,理科,本一,能源与环境系统工程,376,370,371.68,-1,-1,-1,-1,-1,-1,-1,-1,-1,能源与机械工程学院,-1
920,江苏,文科,本一,汉语国际教育,379,374,375.21,-1,-1,-1,-1,-1,-1,-1,-1,-1,国际文化教育学院,-1
921,江苏,理科,本一,汉语国际教育,376,373,374.17,-1,-1,-1,-1,-1,-1,-1,-1,-1,国际文化教育学院,-1
922,江苏,文科,本一,地理科学（师范）,374,371,372.4,-1,-1,-1,-1,-1,-1,-1,-1,-1,教师教育学院,-1
923,江苏,理科,本一,地理科学（师范）,377,374,375.33,-1,-1,-1,-1,-1,-1,-1,-1,-1,教师教育学院,-1
924,江苏,文科,本一,汉语言文学（师范）,389,377,379.92,-1,-1,-1,-1,-1,-1,-1,-1,-1,教师教育学院,-1
925,江苏,理科,本一,化学（师范）,381,377,377.82,-1,-1,-1,-1,-1,-1,-1,-1,-1,教师教育学院,-1
926,江苏,理科,本一,计算机科学与技术（师范）,376,371,372.6,-1,-1,-1,-1,-1,-1,-1,-1,-1,教师教育学院,-1
927,江苏,文科,本一,历史学（师范）,379,375,376.17,-1,-1,-1,-1,-1,-1,-1,-1,-1,教师教育学院,-1
928,江苏,理科,本一,生物科学（师范）,381,375,376.76,-1,-1,-1,-1,-1,-1,-1,-1,-1,教师教育学院,-1
929,江苏,理科,本一,数学与应用数学（师范）,390,381,384.21,-1,-1,-1,-1,-1,-1,-1,-1,-1,教师教育学院,-1
930,江苏,文科,本一,思想政治教育（师范）,375,372,373.41,-1,-1,-1,-1,-1,-1,-1,-1,-1,教师教育学院,-1
931,江苏,理科,本一,物理学（师范）,388,377,379.6,-1,-1,-1,-1,-1,-1,-1,-1,-1,教师教育学院,-1
932,江苏,文科,本一,英语（师范）,390,380,383.36,-1,-1,-1,-1,-1,-1,-1,-1,-1,教师教育学院,-1
933,江苏,理科,本一,英语（师范）,392,385,387,-1,-1,-1,-1,-1,-1,-1,-1,-1,教师教育学院,-1
934,江苏,文科,地方专项,秘书学,369,368,368.5,-1,-1,-1,-1,-1,-1,-1,-1,-1,文学院（国家文科基地）,-1
935,江苏,文科,地方专项,社会学类,366,365,365.5,-1,-1,-1,-1,-1,-1,-1,-1,-1,社会发展学院,-1
936,江苏,文科,地方专项,公共管理类（含公共事业管理、行政管理）,367,366,366.5,-1,-1,-1,-1,-1,-1,-1,-1,-1,公共管理学院,-1
937,江苏,理科,地方专项,市场营销,371,366,368.5,-1,-1,-1,-1,-1,-1,-1,-1,-1,商学院,-1
938,江苏,文科,地方专项,小学教育（师范）,369,369,369,-1,-1,-1,-1,-1,-1,-1,-1,-1,教育科学学院,-1
939,江苏,文科,地方专项,学前教育（师范）,367,367,367,-1,-1,-1,-1,-1,-1,-1,-1,-1,教育科学学院,-1
940,江苏,理科,地方专项,应用心理学,366,366,366,-1,-1,-1,-1,-1,-1,-1,-1,-1,心理学院,-1
941,江苏,文科,地方专项,翻译,370,367,368.5,-1,-1,-1,-1,-1,-1,-1,-1,-1,外国语学院,-1
942,江苏,理科,地方专项,计算机科学与技术,367,366,366.5,-1,-1,-1,-1,-1,-1,-1,-1,-1,计算机科学与技术学院,-1
943,江苏,理科,地方专项,电子信息工程,367,364,365.5,-1,-1,-1,-1,-1,-1,-1,-1,-1,物理科学与技术学院,-1
944,江苏,理科,地方专项,通信工程,369,366,367.5,-1,-1,-1,-1,-1,-1,-1,-1,-1,物理科学与技术学院,-1
945,江苏,理科,地方专项,应用化学,363,363,363,-1,-1,-1,-1,-1,-1,-1,-1,-1,化学与材料科学学院,-1
946,江苏,理科,地方专项,生物工程,363,363,363,-1,-1,-1,-1,-1,-1,-1,-1,-1,生命科学学院,-1
947,江苏,理科,地方专项,环境科学与工程类,368,365,365.75,-1,-1,-1,-1,-1,-1,-1,-1,-1,环境学院,-1
948,江苏,理科,地方专项,食品科学与工程,364,364,364,-1,-1,-1,-1,-1,-1,-1,-1,-1,金陵女子学院,-1
949,江苏,理科,地方专项,自动化,367,364,364.75,-1,-1,-1,-1,-1,-1,-1,-1,-1,电气与自动化工程学院,-1
950,江苏,理科,地方专项,机械工程,367,362,363.8,-1,-1,-1,-1,-1,-1,-1,-1,-1,能源与机械工程学院,-1
951,江苏,理科,地方专项,能源与动力工程,364,362,362.63,-1,-1,-1,-1,-1,-1,-1,-1,-1,能源与机械工程学院,-1
952,江苏,艺术,体艺,播音与主持艺术,591,520,545.2,-1,-1,-1,-1,-1,-1,-1,-1,-1,文学院（国家文科基地）,综合分
953,江苏,艺术,体艺,舞蹈学,254,231,241.53,-1,-1,-1,-1,-1,-1,-1,-1,-1,音乐学院,专业分
954,江苏,艺术,体艺,音乐学（师范）,222,197,207.9,-1,-1,-1,-1,-1,-1,-1,-1,-1,音乐学院,专业分（声乐）
955,江苏,艺术,体艺,音乐学（师范）,236,209,216.66,-1,-1,-1,-1,-1,-1,-1,-1,-1,音乐学院,专业分（器乐）
956,江苏,艺术,体艺,音乐学（实验班）（师范）,214,196,203.38,-1,-1,-1,-1,-1,-1,-1,-1,-1,音乐学院,专业分（声乐）
957,江苏,艺术,体艺,音乐学（实验班）（师范）,225,207,211.63,-1,-1,-1,-1,-1,-1,-1,-1,-1,音乐学院,专业分（器乐）
958,江苏,艺术,体艺,动画,553,539,542.1,-1,-1,-1,-1,-1,-1,-1,-1,-1,美术学院,综合分
959,江苏,艺术,体艺,服装与服饰设计,269,266,267.5,-1,-1,-1,-1,-1,-1,-1,-1,-1,美术学院,综合分
960,江苏,艺术,体艺,美术学类,565,541,551.5,-1,-1,-1,-1,-1,-1,-1,-1,-1,美术学院,综合分
961,江苏,艺术,体艺,设计学类,563,543,550.22,-1,-1,-1,-1,-1,-1,-1,-1,-1,美术学院,综合分
962,江苏,艺术,体艺,广播电视编导,559,516,532.41,-1,-1,-1,-1,-1,-1,-1,-1,-1,新闻与传播学院,综合分
963,江苏,艺术,体艺,影视摄影与制作,543,497,520.05,-1,-1,-1,-1,-1,-1,-1,-1,-1,新闻与传播学院,综合分
964,江苏,艺术,体艺,社会体育指导与管理,125,112,115,-1,-1,-1,-1,-1,-1,-1,-1,-1,体育科学学院,专业分
965,江苏,体育,体艺,体育教育（师范）,146,116,127.71,-1,-1,-1,-1,-1,-1,-1,-1,-1,体育科学学院,专业分
966,北京,文科,本一,-1,619,596,602.86,-1,-1,-1,-1,-1,-1,-1,-1,-1,-1,-1
967,天津,理科,本一,-1,601,584,589.09,-1,-1,-1,-1,-1,-1,-1,-1,-1,-1,-1
968,天津,文科,本一,-1,598,585,588.47,-1,-1,-1,-1,-1,-1,-1,-1,-1,-1,-1
969,河北,理科,本一,-1,613,592,596.33,-1,-1,-1,-1,-1,-1,-1,-1,-1,-1,-1
970,河北,文科,本一,-1,620,607,610.11,-1,-1,-1,-1,-1,-1,-1,-1,-1,-1,-1
971,山西,理科,本一,-1,559,539,543.03,-1,-1,-1,-1,-1,-1,-1,-1,-1,-1,-1
972,山西,文科,本一,-1,574,562,564.77,-1,-1,-1,-1,-1,-1,-1,-1,-1,-1,-1
973,内蒙古,理科,本一,-1,609,549,572.92,-1,-1,-1,-1,-1,-1,-1,-1,-1,-1,-1
974,辽宁,理科,本一,-1,613,577,584.8,-1,-1,-1,-1,-1,-1,-1,-1,-1,-1,-1
975,辽宁,文科,本一,-1,602,592,594.44,-1,-1,-1,-1,-1,-1,-1,-1,-1,-1,-1
976,吉林,理科,本一,-1,589,534,555.38,-1,-1,-1,-1,-1,-1,-1,-1,-1,-1,-1
977,黑龙江,理科,本一,-1,594,570,576.33,-1,-1,-1,-1,-1,-1,-1,-1,-1,-1,-1
978,安徽,理科,本一,-1,595,578,584,-1,-1,-1,-1,-1,-1,-1,-1,-1,-1,-1
979,安徽,中英联合办学理科,本一,-1,549,541,543.8,-1,-1,-1,-1,-1,-1,-1,-1,-1,-1,-1
980,安徽,文科,本一,-1,603,594,596.73,-1,-1,-1,-1,-1,-1,-1,-1,-1,-1,-1
981,福建,理科,本一,-1,564,546,551.79,-1,-1,-1,-1,-1,-1,-1,-1,-1,-1,-1
982,福建,文科,本一,-1,568,554,560.38,-1,-1,-1,-1,-1,-1,-1,-1,-1,-1,-1
983,江西,理科,本一,-1,577,565,568.06,-1,-1,-1,-1,-1,-1,-1,-1,-1,-1,-1
984,江西,文科,本一,-1,599,586,588.92,-1,-1,-1,-1,-1,-1,-1,-1,-1,-1,-1
985,山东,理科,本一,-1,622,605,609.98,-1,-1,-1,-1,-1,-1,-1,-1,-1,-1,-1
986,山东,文科,本一,-1,613,595,599.26,-1,-1,-1,-1,-1,-1,-1,-1,-1,-1,-1
987,河南,理科,本一,-1,589,573,576,-1,-1,-1,-1,-1,-1,-1,-1,-1,-1,-1
988,河南,文科,本一,-1,597,591,593.25,-1,-1,-1,-1,-1,-1,-1,-1,-1,-1,-1
989,湖北,理科,本一,-1,574,566,568.94,-1,-1,-1,-1,-1,-1,-1,-1,-1,-1,-1
990,湖南,理科,本一,-1,586,575,578.56,-1,-1,-1,-1,-1,-1,-1,-1,-1,-1,-1
991,湖南,文科,本一,-1,622,608,611.34,-1,-1,-1,-1,-1,-1,-1,-1,-1,-1,-1
992,广东,理科,本一,-1,548,537,540.2,-1,-1,-1,-1,-1,-1,-1,-1,-1,-1,-1
993,广西,理科,本一,-1,569,538,543.79,-1,-1,-1,-1,-1,-1,-1,-1,-1,-1,-1
994,广西,文科,本一,-1,603,594,595.72,-1,-1,-1,-1,-1,-1,-1,-1,-1,-1,-1
995,重庆,理科,本一,-1,603,570,577.35,-1,-1,-1,-1,-1,-1,-1,-1,-1,-1,-1
996,重庆,文科,本一,-1,591,585,587.93,-1,-1,-1,-1,-1,-1,-1,-1,-1,-1,-1
997,四川,理科,本一,-1,608,589,593.23,-1,-1,-1,-1,-1,-1,-1,-1,-1,-1,-1
998,四川,文科,本一,-1,605,591,593.52,-1,-1,-1,-1,-1,-1,-1,-1,-1,-1,-1
999,贵州,理科,本一,-1,576,535,542.64,-1,-1,-1,-1,-1,-1,-1,-1,-1,-1,-1
1000,贵州,文科,本一,-1,633,616,620.1,-1,-1,-1,-1,-1,-1,-1,-1,-1,-1,-1
1001,云南,理科,本一,-1,611,566,573.78,-1,-1,-1,-1,-1,-1,-1,-1,-1,-1,-1
1002,云南,文科,本一,-1,623,609,613.27,-1,-1,-1,-1,-1,-1,-1,-1,-1,-1,-1
1003,陕西,理科,本一,-1,576,555,562.54,-1,-1,-1,-1,-1,-1,-1,-1,-1,-1,-1
1004,陕西,文科,本一,-1,611,587,592.23,-1,-1,-1,-1,-1,-1,-1,-1,-1,-1,-1
1005,甘肃,理科,本一,-1,551,526,531.96,-1,-1,-1,-1,-1,-1,-1,-1,-1,-1,-1
1006,甘肃,文科,本一,-1,579,556,561.71,-1,-1,-1,-1,-1,-1,-1,-1,-1,-1,-1
1007,青海,理科,本一,-1,483,446,457.17,-1,-1,-1,-1,-1,-1,-1,-1,-1,-1,-1
1008,新疆,理科,本一,-1,546,520,527.32,-1,-1,-1,-1,-1,-1,-1,-1,-1,-1,-1
1009,新疆,文科,本一,-1,578,560,563.69,-1,-1,-1,-1,-1,-1,-1,-1,-1,-1,-1
1010,河北,理科,国家专项,-1,592,576,580.75,-1,-1,-1,-1,-1,-1,-1,-1,-1,-1,-1
1011,河北,文科,国家专项,-1,589,589,589,-1,-1,-1,-1,-1,-1,-1,-1,-1,-1,-1
1012,山西,理科,国家专项,-1,536,536,536,-1,-1,-1,-1,-1,-1,-1,-1,-1,-1,-1
1013,内蒙古,理科,国家专项,-1,566,545,559.8,-1,-1,-1,-1,-1,-1,-1,-1,-1,-1,-1
1014,吉林,理科,国家专项,-1,561,560,560.5,-1,-1,-1,-1,-1,-1,-1,-1,-1,-1,-1
1015,黑龙江,理科,国家专项,-1,565,534,542.4,-1,-1,-1,-1,-1,-1,-1,-1,-1,-1,-1
1016,黑龙江,文科,国家专项,-1,527,516,520.5,-1,-1,-1,-1,-1,-1,-1,-1,-1,-1,-1
1017,安徽,理科,国家专项,-1,579,572,576.33,-1,-1,-1,-1,-1,-1,-1,-1,-1,-1,-1
1018,安徽,文科,国家专项,-1,586,580,583.2,-1,-1,-1,-1,-1,-1,-1,-1,-1,-1,-1
1019,江西,理科,国家专项,-1,568,557,560.4,-1,-1,-1,-1,-1,-1,-1,-1,-1,-1,-1
1020,江西,文科,国家专项,-1,586,579,581.17,-1,-1,-1,-1,-1,-1,-1,-1,-1,-1,-1
1021,河南,理科,国家专项,-1,567,551,558.07,-1,-1,-1,-1,-1,-1,-1,-1,-1,-1,-1
1022,河南,文科,国家专项,-1,587,574,580,-1,-1,-1,-1,-1,-1,-1,-1,-1,-1,-1
1023,湖北,理科,国家专项,-1,560,548,554.27,-1,-1,-1,-1,-1,-1,-1,-1,-1,-1,-1
1024,湖北,文科,国家专项,-1,565,565,565,-1,-1,-1,-1,-1,-1,-1,-1,-1,-1,-1
1025,湖南,理科,国家专项,-1,577,558,564.29,-1,-1,-1,-1,-1,-1,-1,-1,-1,-1,-1
1026,湖南,文科,国家专项,-1,605,598,599.75,-1,-1,-1,-1,-1,-1,-1,-1,-1,-1,-1
1027,广西,理科,国家专项,-1,562,487,502,-1,-1,-1,-1,-1,-1,-1,-1,-1,-1,-1
1028,广西,文科,国家专项,-1,576,565,570.5,-1,-1,-1,-1,-1,-1,-1,-1,-1,-1,-1
1029,重庆,理科,国家专项,-1,568,550,558.58,-1,-1,-1,-1,-1,-1,-1,-1,-1,-1,-1
1030,重庆,文科,国家专项,-1,580,575,577.33,-1,-1,-1,-1,-1,-1,-1,-1,-1,-1,-1
1031,四川,理科,国家专项,-1,588,564,576.29,-1,-1,-1,-1,-1,-1,-1,-1,-1,-1,-1
1032,四川,文科,国家专项,-1,572,572,572,-1,-1,-1,-1,-1,-1,-1,-1,-1,-1,-1
1033,贵州,理科,国家专项,-1,547,535,539.14,-1,-1,-1,-1,-1,-1,-1,-1,-1,-1,-1
1034,贵州,文科,国家专项,-1,611,606,608.33,-1,-1,-1,-1,-1,-1,-1,-1,-1,-1,-1
1035,陕西,理科,国家专项,-1,555,539,544.19,-1,-1,-1,-1,-1,-1,-1,-1,-1,-1,-1
1036,甘肃,理科,国家专项,-1,539,517,524.69,-1,-1,-1,-1,-1,-1,-1,-1,-1,-1,-1
1037,甘肃,文科,国家专项,-1,550,538,541.83,-1,-1,-1,-1,-1,-1,-1,-1,-1,-1,-1
1038,青海,理科,国家专项,-1,506,436,453.24,-1,-1,-1,-1,-1,-1,-1,-1,-1,-1,-1
1039,新疆,理科,国家专项,-1,509,478,486.4,-1,-1,-1,-1,-1,-1,-1,-1,-1,-1,-1
1040,新疆,文科,国家专项,-1,557,512,533.2,-1,-1,-1,-1,-1,-1,-1,-1,-1,-1,-1
1041,上海,-1,-1,学前教育（师范）,519,517,518,-1,-1,-1,-1,-1,-1,-1,-1,不限,-1,-1
1042,上海,-1,-1,文物与博物馆学,531,518,522.67,-1,-1,-1,-1,-1,-1,-1,-1,不限,-1,-1
1043,上海,-1,-1,行政管理,518,518,518,-1,-1,-1,-1,-1,-1,-1,-1,不限,-1,-1
1044,上海,-1,-1,海洋资源开发技术,517,515,516,-1,-1,-1,-1,-1,-1,-1,-1,物理|地理,-1,-1
1045,上海,-1,-1,物理学,519,516,517.5,-1,-1,-1,-1,-1,-1,-1,-1,物理|化学|生物,-1,-1
1046,上海,-1,-1,化学类（含化学、应用化学）,521,520,520.5,-1,-1,-1,-1,-1,-1,-1,-1,物理|化学|生物,-1,-1
1047,上海,-1,-1,能源动力类（含能源与动力工程、能源与环境系统工程）,517,516,516.5,-1,-1,-1,-1,-1,-1,-1,-1,物理|化学|生物,-1,-1
1048,浙江,-1,-1,中国语言文学类（含汉语言文学（基地班）、秘书学、古典文献学）,645,643,644,-1,-1,-1,-1,-1,-1,-1,-1,不限,-1,-1
1049,浙江,-1,-1,历史学（师范）,645,639,641,-1,-1,-1,-1,-1,-1,-1,-1,不限,-1,-1
1050,浙江,-1,-1,地理信息科学,642,638,640,-1,-1,-1,-1,-1,-1,-1,-1,不限,-1,-1
1051,浙江,-1,-1,行政管理,637,632,633.4,-1,-1,-1,-1,-1,-1,-1,-1,不限,-1,-1
1052,浙江,-1,-1,社会学类（含社会学、社会工作）,639,636,637.5,-1,-1,-1,-1,-1,-1,-1,-1,不限,-1,-1
1053,浙江,-1,-1,国际经济与贸易,638,632,634.8,-1,-1,-1,-1,-1,-1,-1,-1,不限,-1,-1
1054,浙江,-1,-1,社会学类（含社会学、社会工作）,626,613,617.33,-1,-1,-1,-1,-1,-1,-1,-1,不限,-1,-1
1055,浙江,-1,-1,外国语言文学类（含英语、俄语、德语、法语、日语、意大利语）,645,640,642.6,-1,-1,-1,-1,-1,-1,-1,-1,思想政治|历史|地理,-1,-1
1056,浙江,-1,-1,计算机科学与技术,635,629,631.6,-1,-1,-1,-1,-1,-1,-1,-1,物理,-1,-1
1057,浙江,-1,-1,物理学,637,629,631.75,-1,-1,-1,-1,-1,-1,-1,-1,物理|化学|生物,-1,-1
1058,浙江,-1,-1,数学类（含数学与应用数学（基地班）、信息与计算科学）,641,638,639,-1,-1,-1,-1,-1,-1,-1,-1,物理|化学|生物,-1,-1
1059,浙江,-1,-1,化学类（含化学、应用化学）,640,634,635.88,-1,-1,-1,-1,-1,-1,-1,-1,物理|化学|生物,-1,-1
1060,浙江,-1,-1,生物科学类（含生物科学（基地班）、 生物技术）,636,633,634.5,-1,-1,-1,-1,-1,-1,-1,-1,物理|化学|生物,-1,-1
1061,浙江,-1,-1,能源动力类（含能源与动力工程、能源与环境系统工程）,631,627,628,-1,-1,-1,-1,-1,-1,-1,-1,物理|化学|生物,-1,-1
1062,浙江,-1,-1,物理学（师范）,643,637,639,-1,-1,-1,-1,-1,-1,-1,-1,物理|化学|生物,-1,-1
1063,浙江,-1,-1,应用心理学,638,636,637,-1,-1,-1,-1,-1,-1,-1,-1,物理|化学|生物,-1,-1
1064,浙江,-1,-1,教育技术学（师范）,631,629,630,-1,-1,-1,-1,-1,-1,-1,-1,物理|技术,-1,-1
1065,浙江,-1,-1,电气工程及其自动化,629,625,626.43,-1,-1,-1,-1,-1,-1,-1,-1,物理|技术,-1,-1
1066,山西,艺术,-1,美术学类,72.59,63.73,66.71,-1,-1,-1,-1,-1,-1,-1,-1,-1,-1,综合分
1067,山西,艺术,-1,设计学类,69.15,65.44,67.6,-1,-1,-1,-1,-1,-1,-1,-1,-1,-1,综合分
1068,山西,艺术,-1,动画,67.04,67.04,67.04,-1,-1,-1,-1,-1,-1,-1,-1,-1,-1,综合分
1069,内蒙古,艺术,-1,美术学类,72,69,70.5,-1,-1,-1,-1,-1,-1,-1,-1,-1,-1,综合分
1070,内蒙古,艺术,-1,设计学类,67,64,65.2,-1,-1,-1,-1,-1,-1,-1,-1,-1,-1,综合分
1071,内蒙古,艺术,-1,动画,69,69,69,-1,-1,-1,-1,-1,-1,-1,-1,-1,-1,综合分
1072,内蒙古,艺术,-1,音乐学（师范）（声乐）,214,214,214,-1,-1,-1,-1,-1,-1,-1,-1,-1,-1,专业分
1073,内蒙古,艺术,-1,音乐学（师范）（器乐）（大提琴）,188,188,188,-1,-1,-1,-1,-1,-1,-1,-1,-1,-1,专业分
1074,黑龙江,艺术理,-1,动画,62.19,62.19,62.19,-1,-1,-1,-1,-1,-1,-1,-1,-1,-1,综合分
1075,黑龙江,艺术文,-1,设计学类,66.35,66.08,66.22,-1,-1,-1,-1,-1,-1,-1,-1,-1,-1,综合分
1076,黑龙江,艺术文,-1,动画,63.2,63.2,63.2,-1,-1,-1,-1,-1,-1,-1,-1,-1,-1,综合分
1077,黑龙江,艺术文,-1,美术学类,66.13,65.23,65.54,-1,-1,-1,-1,-1,-1,-1,-1,-1,-1,综合分
1078,上海,艺术,-1,音乐学（师范）,310.17,252.5,282.7,-1,-1,-1,-1,-1,-1,-1,-1,-1,-1,专业分
1079,浙江,艺术,-1,舞蹈学,246,246,246,-1,-1,-1,-1,-1,-1,-1,-1,-1,-1,综合分
1080,浙江,艺术,-1,设计学类,76.19,71.33,72.96,-1,-1,-1,-1,-1,-1,-1,-1,-1,-1,综合分
1081,浙江,艺术,-1,美术学类,80.61,75.41,77.82,-1,-1,-1,-1,-1,-1,-1,-1,-1,-1,综合分
1082,浙江,艺术,-1,音乐学（师范）,87,84,85.5,-1,-1,-1,-1,-1,-1,-1,-1,-1,-1,专业分
1083,浙江,艺术,-1,广播电视编导,666,649,657.67,-1,-1,-1,-1,-1,-1,-1,-1,-1,-1,综合分
1084,浙江,艺术,-1,播音与主持艺术,766,766,766,-1,-1,-1,-1,-1,-1,-1,-1,-1,-1,综合分
1085,安徽,艺术,-1,广播电视编导,791,771,779,-1,-1,-1,-1,-1,-1,-1,-1,-1,-1,综合分
1086,安徽,艺术,-1,播音与主持艺术,755,624,677,-1,-1,-1,-1,-1,-1,-1,-1,-1,-1,综合分
1087,安徽,艺术,-1,美术学类,74.72,65.17,67.42,-1,-1,-1,-1,-1,-1,-1,-1,-1,-1,综合分
1088,安徽,艺术,-1,设计学类,71.01,64.85,67.21,-1,-1,-1,-1,-1,-1,-1,-1,-1,-1,综合分
1089,安徽,艺术,-1,动画,66.77,64.85,65.81,-1,-1,-1,-1,-1,-1,-1,-1,-1,-1,综合分
1090,安徽,艺术,-1,音乐学（师范）,179.97,171.33,175.89,-1,-1,-1,-1,-1,-1,-1,-1,-1,-1,专业分
1091,福建,艺术理,-1,动画,65.65,65.65,65.65,-1,-1,-1,-1,-1,-1,-1,-1,-1,-1,综合分
1092,福建,艺术理,-1,美术学类,66.51,66.51,66.51,-1,-1,-1,-1,-1,-1,-1,-1,-1,-1,综合分
1093,福建,艺术理,-1,设计学类,61.79,61.79,61.79,-1,-1,-1,-1,-1,-1,-1,-1,-1,-1,综合分
1094,福建,艺术文,-1,美术学类,66.45,61.89,63.95,-1,-1,-1,-1,-1,-1,-1,-1,-1,-1,综合分
1095,福建,艺术文,-1,设计学类,70.19,62.85,65.31,-1,-1,-1,-1,-1,-1,-1,-1,-1,-1,综合分
1096,福建,艺术文,-1,动画,62.67,62.67,62.67,-1,-1,-1,-1,-1,-1,-1,-1,-1,-1,综合分
1097,山东,艺术理,-1,设计学类,67.68,67.68,67.68,-1,-1,-1,-1,-1,-1,-1,-1,-1,-1,综合分
1098,山东,艺术文,-1,播音与主持艺术,774,632,681.8,-1,-1,-1,-1,-1,-1,-1,-1,-1,-1,综合分
1099,山东,艺术文,-1,美术学类,76.03,70.72,73.38,-1,-1,-1,-1,-1,-1,-1,-1,-1,-1,综合分
1100,山东,艺术文,-1,设计学类,68.99,68.4,68.69,-1,-1,-1,-1,-1,-1,-1,-1,-1,-1,综合分
1101,山东,艺术文,-1,动画,69.84,69.84,69.84,-1,-1,-1,-1,-1,-1,-1,-1,-1,-1,综合分
1102,山东,艺术文,-1,舞蹈学,242,241,241.5,-1,-1,-1,-1,-1,-1,-1,-1,-1,-1,专业分
1103,河南,艺术,-1,美术学类,70.75,65.12,67.86,-1,-1,-1,-1,-1,-1,-1,-1,-1,-1,综合分
1104,河南,艺术,-1,设计学类,70.8,61.2,66.83,-1,-1,-1,-1,-1,-1,-1,-1,-1,-1,综合分
1105,河南,艺术,-1,动画,63.25,63.25,63.25,-1,-1,-1,-1,-1,-1,-1,-1,-1,-1,综合分
1106,湖南,艺术文,-1,美术学类,72.77,68.64,71.05,-1,-1,-1,-1,-1,-1,-1,-1,-1,-1,综合分
1107,湖南,艺术文,-1,设计学类,74.37,68.83,70.59,-1,-1,-1,-1,-1,-1,-1,-1,-1,-1,综合分
1108,湖南,艺术文,-1,动画,68.27,68,68.14,-1,-1,-1,-1,-1,-1,-1,-1,-1,-1,综合分
1109,湖南,艺术文,-1,舞蹈学,237,237,237,-1,-1,-1,-1,-1,-1,-1,-1,-1,-1,专业分
1110,湖南,艺术文,-1,音乐学（师范）,280,275,276.43,-1,-1,-1,-1,-1,-1,-1,-1,-1,-1,专业分
1111,广东,艺术,-1,音乐学（师范）,238,229,235.2,-1,-1,-1,-1,-1,-1,-1,-1,-1,-1,专业分
1112,广东,艺术,-1,舞蹈学,242,242,242,-1,-1,-1,-1,-1,-1,-1,-1,-1,-1,专业分
1113,海南,艺术,-1,舞蹈学,250,238,243.6,-1,-1,-1,-1,-1,-1,-1,-1,-1,-1,专业分
1114,四川,艺术,-1,广播电视编导,802.6,778.1,790,-1,-1,-1,-1,-1,-1,-1,-1,-1,-1,综合分
1115,四川,艺术,-1,舞蹈学,239,239,239,-1,-1,-1,-1,-1,-1,-1,-1,-1,-1,专业分
1116,宁夏,艺术,-1,舞蹈学,239,239,239,-1,-1,-1,-1,-1,-1,-1,-1,-1,-1,专业分
1117,辽宁,体育文,-1,体育教育（师范）,95,90,92.5,-1,-1,-1,-1,-1,-1,-1,-1,-1,-1,专业分
1118,辽宁,体育文,-1,社会体育指导与管理,88,79,83.5,-1,-1,-1,-1,-1,-1,-1,-1,-1,-1,专业分
1119,吉林,体育文,-1,体育教育（师范）,78,74,76,-1,-1,-1,-1,-1,-1,-1,-1,-1,-1,专业分
1120,吉林,体育文,-1,社会体育指导与管理,72,71,71.5,-1,-1,-1,-1,-1,-1,-1,-1,-1,-1,专业分
1121,浙江,体育,-1,体育教育（师范）,96,77,86.63,-1,-1,-1,-1,-1,-1,-1,-1,-1,-1,专业分
1122,浙江,体育,-1,社会体育指导与管理,92,80,86.67,-1,-1,-1,-1,-1,-1,-1,-1,-1,-1,专业分
1123,安徽,体育,-1,体育教育（师范）,96,89,92.5,-1,-1,-1,-1,-1,-1,-1,-1,-1,-1,专业分
1124,安徽,体育,-1,社会体育指导与管理,94,92,93,-1,-1,-1,-1,-1,-1,-1,-1,-1,-1,专业分
1125,山东,体育,-1,体育教育（师范）,95,88,91.75,-1,-1,-1,-1,-1,-1,-1,-1,-1,-1,专业分
1126,山东,体育,-1,社会体育指导与管理,90,86,87.17,-1,-1,-1,-1,-1,-1,-1,-1,-1,-1,专业分
1127,河南,体育文,-1,体育教育（师范）,145,121,128.75,-1,-1,-1,-1,-1,-1,-1,-1,-1,-1,专业分
1128,河南,体育文,-1,社会体育指导与管理,129,120,124.5,-1,-1,-1,-1,-1,-1,-1,-1,-1,-1,专业分
1129,江苏,文科,本一,英语（师范）,381,373,375.58,-1,-1,-1,-1,-1,-1,-1,-1,-1,-1,-1
1130,江苏,文科,本一,汉语言文学（师范）,382,371,374.66,-1,-1,-1,-1,-1,-1,-1,-1,-1,-1,-1
1131,江苏,文科,本一,会计学,371,370,370.8,-1,-1,-1,-1,-1,-1,-1,-1,-1,-1,-1
1132,江苏,文科,本一,金融学,378,369,371.81,-1,-1,-1,-1,-1,-1,-1,-1,-1,-1,-1
1133,江苏,文科,本一,财务管理,369,369,369,-1,-1,-1,-1,-1,-1,-1,-1,-1,-1,-1
1134,江苏,文科,本一,翻译（双外语）,372,368,369.4,-1,-1,-1,-1,-1,-1,-1,-1,-1,-1,-1
1135,江苏,文科,本一,法学,380,368,370.45,-1,-1,-1,-1,-1,-1,-1,-1,-1,-1,-1
1136,江苏,文科,本一,中国语言文学类（含汉语言文学（基地班）、秘书学、古典文献学）,379,367,370.12,-1,-1,-1,-1,-1,-1,-1,-1,-1,-1,-1
1137,江苏,文科,本一,教育学（师范）,377,367,370.42,-1,-1,-1,-1,-1,-1,-1,-1,-1,-1,-1
1138,江苏,文科,本一,应用心理学,378,367,372,-1,-1,-1,-1,-1,-1,-1,-1,-1,-1,-1
1139,江苏,文科,本一,经济学,369,367,367.67,-1,-1,-1,-1,-1,-1,-1,-1,-1,-1,-1
1140,江苏,文科,本一,外国语言文学类（含英语、俄语、德语、法语、日语、意大利语）,378,366,369.07,-1,-1,-1,-1,-1,-1,-1,-1,-1,-1,-1
1141,江苏,文科,本一,小学教育（师范）,375,366,367.92,-1,-1,-1,-1,-1,-1,-1,-1,-1,-1,-1
1142,江苏,文科,本一,人文地理与城乡规划,367,366,366.5,-1,-1,-1,-1,-1,-1,-1,-1,-1,-1,-1
1143,江苏,文科,本一,历史学（师范）,372,366,367.69,-1,-1,-1,-1,-1,-1,-1,-1,-1,-1,-1
1144,江苏,文科,本一,新闻传播学类（含新闻学、广播电视学、广告学、网络与新媒体）,376,365,367.5,-1,-1,-1,-1,-1,-1,-1,-1,-1,-1,-1
1145,江苏,文科,本一,英语,369,365,366.47,-1,-1,-1,-1,-1,-1,-1,-1,-1,-1,-1
1146,江苏,文科,本一,国际经济与贸易,369,365,366.6,-1,-1,-1,-1,-1,-1,-1,-1,-1,-1,-1
1147,江苏,文科,本一,地理科学（师范）,375,365,367.33,-1,-1,-1,-1,-1,-1,-1,-1,-1,-1,-1
1148,江苏,文科,本一,汉语言,371,365,367,-1,-1,-1,-1,-1,-1,-1,-1,-1,-1,-1
1149,江苏,文科,本一,文物与博物馆学,368,364,364.9,-1,-1,-1,-1,-1,-1,-1,-1,-1,-1,-1
1150,江苏,文科,本一,旅游管理,364,364,364,-1,-1,-1,-1,-1,-1,-1,-1,-1,-1,-1
1151,江苏,文科,本一,汉语国际教育,371,364,366.05,-1,-1,-1,-1,-1,-1,-1,-1,-1,-1,-1
1152,江苏,文科,本一,行政管理,366,363,364.15,-1,-1,-1,-1,-1,-1,-1,-1,-1,-1,-1
1153,江苏,文科,本一,社会学类（含社会学、社会工作）,366,363,364.5,-1,-1,-1,-1,-1,-1,-1,-1,-1,-1,-1
1154,江苏,文科,本一,工商管理类（含市场营销、工商管理、人力资源管理）,370,363,364.75,-1,-1,-1,-1,-1,-1,-1,-1,-1,-1,-1
1155,江苏,文科,本一,劳动与社会保障,365,363,364.25,-1,-1,-1,-1,-1,-1,-1,-1,-1,-1,-1
1156,江苏,文科,本一,思想政治教育（师范）,369,363,364.95,-1,-1,-1,-1,-1,-1,-1,-1,-1,-1,-1
1157,江苏,文科,本一,学前教育（师范）,371,362,364.76,-1,-1,-1,-1,-1,-1,-1,-1,-1,-1,-1
1158,江苏,文科,本一,历史学,368,362,365.36,-1,-1,-1,-1,-1,-1,-1,-1,-1,-1,-1
1159,江苏,文科,本一,哲学,366,362,363.86,-1,-1,-1,-1,-1,-1,-1,-1,-1,-1,-1
1160,江苏,文科,本一,思想政治教育,365,362,364.14,-1,-1,-1,-1,-1,-1,-1,-1,-1,-1,-1
1161,江苏,文科,本一,英语（中美合作1+2+1）,363,350,353.7,-1,-1,-1,-1,-1,-1,-1,-1,-1,-1,-1
1162,江苏,理科,本一,英语（师范）,384,375,378,-1,-1,-1,-1,-1,-1,-1,-1,-1,-1,-1
1163,江苏,理科,本一,数学与应用数学（师范）,379,373,375.23,-1,-1,-1,-1,-1,-1,-1,-1,-1,-1,-1
1164,江苏,理科,本一,汉语言,377,370,371.6,-1,-1,-1,-1,-1,-1,-1,-1,-1,-1,-1
1165,江苏,理科,本一,物理学（师范）,383,370,372.58,-1,-1,-1,-1,-1,-1,-1,-1,-1,-1,-1
1166,江苏,理科,本一,化学（师范）,374,368,369.78,-1,-1,-1,-1,-1,-1,-1,-1,-1,-1,-1
1167,江苏,理科,本一,翻译（双外语）,372,368,369.5,-1,-1,-1,-1,-1,-1,-1,-1,-1,-1,-1
1168,江苏,理科,本一,数学类（含数学与应用数学（基地班）、信息与计算科学）,383,367,370.39,-1,-1,-1,-1,-1,-1,-1,-1,-1,-1,-1
1169,江苏,理科,本一,地理信息科学,375,367,369.7,-1,-1,-1,-1,-1,-1,-1,-1,-1,-1,-1
1170,江苏,理科,本一,金融学,373,367,369.59,-1,-1,-1,-1,-1,-1,-1,-1,-1,-1,-1
1171,江苏,理科,本一,法学,374,367,369.63,-1,-1,-1,-1,-1,-1,-1,-1,-1,-1,-1
1172,江苏,理科,本一,金融数学,377,366,367.85,-1,-1,-1,-1,-1,-1,-1,-1,-1,-1,-1
1173,江苏,理科,本一,生物科学（师范）,374,366,367.9,-1,-1,-1,-1,-1,-1,-1,-1,-1,-1,-1
1174,江苏,理科,本一,外国语言文学类（含英语、俄语、德语、法语、日语、意大利语）,378,366,368.11,-1,-1,-1,-1,-1,-1,-1,-1,-1,-1,-1
1175,江苏,理科,本一,经济学,370,366,367.2,-1,-1,-1,-1,-1,-1,-1,-1,-1,-1,-1
1176,江苏,理科,本一,计算机科学与技术,369,365,366.31,-1,-1,-1,-1,-1,-1,-1,-1,-1,-1,-1
1177,江苏,理科,本一,地理科学（师范）,369,365,366.33,-1,-1,-1,-1,-1,-1,-1,-1,-1,-1,-1
1178,江苏,理科,本一,物理学,369,364,366.19,-1,-1,-1,-1,-1,-1,-1,-1,-1,-1,-1
1179,江苏,理科,本一,软件工程（嵌入式培养）,368,364,365.6,-1,-1,-1,-1,-1,-1,-1,-1,-1,-1,-1
1180,江苏,理科,本一,新闻传播学类（含新闻学、广播电视学、广告学、网络与新媒体）,373,364,365.57,-1,-1,-1,-1,-1,-1,-1,-1,-1,-1,-1
1181,江苏,理科,本一,会计学,369,364,366.19,-1,-1,-1,-1,-1,-1,-1,-1,-1,-1,-1
1182,江苏,理科,本一,英语,372,364,365.86,-1,-1,-1,-1,-1,-1,-1,-1,-1,-1,-1
1183,江苏,理科,本一,国际经济与贸易,368,364,365.7,-1,-1,-1,-1,-1,-1,-1,-1,-1,-1,-1
1184,江苏,理科,本一,电气工程及其自动化,371,364,367.27,-1,-1,-1,-1,-1,-1,-1,-1,-1,-1,-1
1185,江苏,理科,本一,汉语国际教育,370,364,366.5,-1,-1,-1,-1,-1,-1,-1,-1,-1,-1,-1
1186,江苏,理科,本一,教育技术学（师范）,372,363,365.43,-1,-1,-1,-1,-1,-1,-1,-1,-1,-1,-1
1187,江苏,理科,本一,电子信息类（含电子信息工程、通信工程、光电信息科学与工程）,370,363,364.22,-1,-1,-1,-1,-1,-1,-1,-1,-1,-1,-1
1188,江苏,理科,本一,计算机科学与技术（师范）,368,363,364.5,-1,-1,-1,-1,-1,-1,-1,-1,-1,-1,-1
1189,江苏,理科,本一,财务管理,366,363,363.92,-1,-1,-1,-1,-1,-1,-1,-1,-1,-1,-1
1190,江苏,理科,本一,应用心理学,371,363,364.86,-1,-1,-1,-1,-1,-1,-1,-1,-1,-1,-1
1191,江苏,理科,本一,统计学,369,362,364.26,-1,-1,-1,-1,-1,-1,-1,-1,-1,-1,-1
1192,江苏,理科,本一,生物科学类（含生物科学（基地班）、 生物技术）,370,362,364.18,-1,-1,-1,-1,-1,-1,-1,-1,-1,-1,-1
1193,江苏,理科,本一,信息管理与信息系统,367,362,363.36,-1,-1,-1,-1,-1,-1,-1,-1,-1,-1,-1
1194,江苏,理科,本一,哲学,365,362,363.33,-1,-1,-1,-1,-1,-1,-1,-1,-1,-1,-1
1195,江苏,理科,本一,工商管理类（含市场营销、工商管理、人力资源管理）,367,362,363.21,-1,-1,-1,-1,-1,-1,-1,-1,-1,-1,-1
1196,江苏,理科,本一,自动化,369,362,363.15,-1,-1,-1,-1,-1,-1,-1,-1,-1,-1,-1
1197,江苏,理科,本一,化学类（含化学、应用化学）,367,361,363.29,-1,-1,-1,-1,-1,-1,-1,-1,-1,-1,-1
1198,江苏,理科,本一,海洋资源开发技术,363,361,362.12,-1,-1,-1,-1,-1,-1,-1,-1,-1,-1,-1
1199,江苏,理科,本一,测绘工程,365,361,362.24,-1,-1,-1,-1,-1,-1,-1,-1,-1,-1,-1
1200,江苏,理科,本一,食品科学与工程,365,361,361.63,-1,-1,-1,-1,-1,-1,-1,-1,-1,-1,-1
1201,江苏,理科,本一,社会学类（含社会学、社会工作）,362,361,361.5,-1,-1,-1,-1,-1,-1,-1,-1,-1,-1,-1
1202,江苏,理科,本一,人文地理与城乡规划,372,361,363.36,-1,-1,-1,-1,-1,-1,-1,-1,-1,-1,-1
1203,江苏,理科,本一,旅游管理,362,361,361.75,-1,-1,-1,-1,-1,-1,-1,-1,-1,-1,-1
1204,江苏,理科,本一,劳动与社会保障,362,361,361.3,-1,-1,-1,-1,-1,-1,-1,-1,-1,-1,-1
1205,江苏,理科,本一,生物工程,365,360,362,-1,-1,-1,-1,-1,-1,-1,-1,-1,-1,-1
1206,江苏,理科,本一,自然地理与资源环境,367,360,363,-1,-1,-1,-1,-1,-1,-1,-1,-1,-1,-1
1207,江苏,理科,本一,能源动力类（含能源与动力工程、能源与环境系统工程）,363,360,361.46,-1,-1,-1,-1,-1,-1,-1,-1,-1,-1,-1
1208,江苏,理科,本一,环境科学与工程类（含环境科学、环境工程）,367,360,362.1,-1,-1,-1,-1,-1,-1,-1,-1,-1,-1,-1
1209,江苏,理科,本一,建筑环境与能源应用工程,368,360,360.89,-1,-1,-1,-1,-1,-1,-1,-1,-1,-1,-1
1210,江苏,理科,本一,行政管理,364,360,361.54,-1,-1,-1,-1,-1,-1,-1,-1,-1,-1,-1
1211,江苏,理科,本一,英语（中美合作1+2+1）,357,348,352.4,-1,-1,-1,-1,-1,-1,-1,-1,-1,-1,-1
1212,江苏,理科,本一,电气工程及其自动化（中外合作办学）,356,342,346.91,-1,-1,-1,-1,-1,-1,-1,-1,-1,-1,-1
1213,江苏,文科,地方专项,小学教育（师范）,360,360,360,-1,-1,-1,-1,-1,-1,-1,-1,-1,-1,-1
1214,江苏,文科,地方专项,学前教育（师范）,358,358,358,-1,-1,-1,-1,-1,-1,-1,-1,-1,-1,-1
1215,江苏,文科,地方专项,翻译（双外语）,367,358,362.5,-1,-1,-1,-1,-1,-1,-1,-1,-1,-1,-1
1216,江苏,文科,地方专项,中国语言文学类（含汉语言文学（基地班）、秘书学、古典文献学）,360,354,357,-1,-1,-1,-1,-1,-1,-1,-1,-1,-1,-1
1217,江苏,文科,地方专项,行政管理,353,353,353,-1,-1,-1,-1,-1,-1,-1,-1,-1,-1,-1
1218,江苏,文科,地方专项,社会学类（含社会学、社会工作）,354,351,352.5,-1,-1,-1,-1,-1,-1,-1,-1,-1,-1,-1
1219,江苏,理科,地方专项,应用心理学,362,361,361.5,-1,-1,-1,-1,-1,-1,-1,-1,-1,-1,-1
1220,江苏,理科,地方专项,化学类（含化学、应用化学）,360,357,357.75,-1,-1,-1,-1,-1,-1,-1,-1,-1,-1,-1
1221,江苏,理科,地方专项,电子信息类（含电子信息工程、通信工程、光电信息科学与工程）,363,357,360.17,-1,-1,-1,-1,-1,-1,-1,-1,-1,-1,-1
1222,江苏,理科,地方专项,工商管理类（含市场营销、工商管理、人力资源管理）,356,356,356,-1,-1,-1,-1,-1,-1,-1,-1,-1,-1,-1
1223,江苏,理科,地方专项,计算机科学与技术,357,356,356.75,-1,-1,-1,-1,-1,-1,-1,-1,-1,-1,-1
1224,江苏,理科,地方专项,生物工程,360,355,357.5,-1,-1,-1,-1,-1,-1,-1,-1,-1,-1,-1
1225,江苏,理科,地方专项,自动化,356,355,355.5,-1,-1,-1,-1,-1,-1,-1,-1,-1,-1,-1
1226,江苏,理科,地方专项,劳动与社会保障,359,354,356.5,-1,-1,-1,-1,-1,-1,-1,-1,-1,-1,-1
1227,江苏,理科,地方专项,能源动力类（含能源与动力工程、能源与环境系统工程）,356,354,354.75,-1,-1,-1,-1,-1,-1,-1,-1,-1,-1,-1
1228,江苏,理科,地方专项,建筑环境与能源应用工程,355,354,354.5,-1,-1,-1,-1,-1,-1,-1,-1,-1,-1,-1
1229,江苏,理科,地方专项,食品科学与工程,358,353,354.67,-1,-1,-1,-1,-1,-1,-1,-1,-1,-1,-1
1230,江苏,理科,地方专项,环境科学与工程类（含环境科学、环境工程）,355,353,353.75,-1,-1,-1,-1,-1,-1,-1,-1,-1,-1,-1
1231,江苏,艺术,体艺,动画,554,542,546,-1,-1,-1,-1,-1,-1,-1,-1,-1,-1,综合分
1232,江苏,艺术,体艺,设计学类,559,538,543.5,-1,-1,-1,-1,-1,-1,-1,-1,-1,-1,综合分
1233,江苏,艺术,体艺,美术学类,568,538,546.22,-1,-1,-1,-1,-1,-1,-1,-1,-1,-1,综合分
1234,江苏,艺术,体艺,播音与主持艺术,595,528,548.1,-1,-1,-1,-1,-1,-1,-1,-1,-1,-1,综合分
1235,江苏,艺术,体艺,广播电视编导,559,528,538.03,-1,-1,-1,-1,-1,-1,-1,-1,-1,-1,综合分
1236,江苏,艺术,体艺,舞蹈学（师范）,255,220,229.47,-1,-1,-1,-1,-1,-1,-1,-1,-1,-1,专业分
1237,江苏,艺术,体艺,音乐学（师范）（器乐）,234,212,219.71,-1,-1,-1,-1,-1,-1,-1,-1,-1,-1,专业分
1238,江苏,艺术,体艺,音乐学（实验班）（师范）（器乐）,225,208,211.22,-1,-1,-1,-1,-1,-1,-1,-1,-1,-1,专业分
1239,江苏,艺术,体艺,音乐学（师范）（声乐）,226,202,210.89,-1,-1,-1,-1,-1,-1,-1,-1,-1,-1,专业分
1240,江苏,艺术,体艺,音乐学（实验班）（师范）（声乐）,237,201,213.13,-1,-1,-1,-1,-1,-1,-1,-1,-1,-1,专业分
1241,江苏,体育,体艺,体育教育（师范）,150,112,130.14,-1,-1,-1,-1,-1,-1,-1,-1,-1,-1,专业分
1242,江苏,体育,体艺,社会体育指导与管理,135,110,125.5,-1,-1,-1,-1,-1,-1,-1,-1,-1,-1,专业分
